NoGenSMAVG,NoSMAVG,NoPubSMAVG,NoProSMAVG,NoPriSMAVG,NoDefSMAVG,NoGenMAVG,NoMAVG,NoPubMAVG,NoProMAVG,NoPriMAVG,NoDefMAVG,NoAMAVG,NoPubAMAVG,NoProAMAVG,NoDefAMAVG,AvgCyclomatic,AvgCyclomaticModified,AvgCyclomaticStrict,AvgEssential,AvgLine,AvgLineBlank,AvgLineCode,AvgLineComment,CountDeclClass,CountDeclClassMethod,CountDeclClassVariable,CountDeclExecutableUnit,CountDeclFile,CountDeclFunction,CountDeclInstanceMethod,CountDeclInstanceVariable,CountDeclMethod,CountDeclMethodAll,CountDeclMethodDefault,CountDeclMethodPrivate,CountDeclMethodProtected,CountDeclMethodPublic,CountLine,CountLineBlank,CountLineCode,CountLineCodeDecl,CountLineCodeExe,CountLineComment,CountPath,CountSemicolon,CountStmt,CountStmtDecl,CountStmtExe,Cyclomatic,CyclomaticModified,CyclomaticStrict,Essential,Knots,MaxCyclomatic,MaxCyclomaticModified,MaxCyclomaticStrict,MaxEssential,MaxEssentialKnots,MaxNesting,RatioCommentToCode,SumCyclomatic,SumCyclomaticModified,SumCyclomaticStrict,SumEssential,NoGenSMMAX,NoSMMAX,NoPubSMMAX,NoProSMMAX,NoPriSMMAX,NoDefSMMAX,NoGenMMAX,NoMMAX,NoPubMMAX,NoProMMAX,NoPriMMAX,NoDefMMAX,NoAMMAX,NoPubAMMAX,NoProAMMAX,NoDefAMMAX,NoGenSMSTD,NoSMSTD,NoPubSMSTD,NoProSMSTD,NoPriSMSTD,NoDefSMSTD,NoGenMSTD,NoMSTD,NoPubMSTD,NoProMSTD,NoPriMSTD,NoDefMSTD,NoAMSTD,NoPubAMSTD,NoProAMSTD,NoDefAMSTD,NoGenSMSUM,NoSMSUM,NoPubSMSUM,NoProSMSUM,NoPriSMSUM,NoDefSMSUM,NoGenMSUM,NoMSUM,NoPubMSUM,NoProMSUM,NoPriMSUM,NoDefMSUM,NoAMSUM,NoPubAMSUM,NoProAMSUM,NoDefAMSUM
0.20554935,0.96316377,0.68840695,0.01188008,0.1614575,0.10141923,0.60508691,5.16640089,4.19638016,0.37171105,0.35712008,0.2411896,0.59217031,0.54026471,0.03548079,0.01642481,1.97,1.9,2.13,1.2,242.61,31.43,174.4,37.96,4131,9417,9471,23882,1603,24700,65099,19443,74516,40480,2834,7080,3066,61536,388897,50389,279564,83102,147442,60851,11024649407,132173,184100,79029,105071,49653,47867,53602,30261,22227,125,125,289,125,904,8,0.22,49653,47867,53602,30261,49,222,217,10,59,65,65,585,549,396,67,59,142,142,10,14,1.211676772,5.107209849,4.314009911,0.193799341,1.189097715,1.152643321,2.507598466,13.12117067,11.22717882,3.815383102,1.764016224,1.39514699,3.492656559,3.469205341,0.326196257,0.247521302,2696,12715,8861,167,2221,1466,7990,66947,54217,4902,4699,3129,7628,6956,457,215
0.20573705,0.96374502,0.6885259,0.01187251,0.16199203,0.10135458,0.60454183,5.16661355,4.19657371,0.37179283,0.35689243,0.24135458,0.59195219,0.54007968,0.03545817,0.01641434,1.98,1.91,2.13,1.2,243.45,31.51,175.07,38.08,4157,9498,9507,24047,1611,24867,65517,19497,75015,40946,2876,7173,3090,61876,392201,50770,282034,83790,148752,61344,11027134944,133314,185642,79659,105983,50013,48227,53986,30468,22324,125,125,289,125,904,8,0.22,50013,48227,53986,30468,49,222,217,10,59,65,65,585,549,396,67,59,142,142,10,14,1.212383341,5.108001947,4.314633686,0.193828996,1.189449273,1.152818782,2.507964258,13.12087446,11.22702401,3.815961299,1.763903237,1.395355045,3.490386832,3.466913298,0.32624581,0.247559175,2697,12710,8857,167,2220,1466,7989,66933,54208,4901,4695,3129,7626,6954,457,215
0.20561565,0.96285396,0.68779828,0.01185173,0.16186764,0.1013363,0.60451798,5.16131085,4.19241171,0.37146039,0.35650652,0.24093223,0.59131403,0.53945275,0.03547566,0.01638562,1.98,1.91,2.13,1.2,242.82,31.47,174.58,37.97,4184,9537,9591,24154,1626,24979,65810,19583,75347,41244,2892,7239,3105,62111,394818,51176,283871,84428,149785,61732,11037301707,134355,186930,80275,106655,50233,48443,54208,30595,22441,125,125,289,125,904,8,0.22,50233,48443,54208,30595,49,222,217,10,59,65,65,585,549,396,67,59,142,142,10,14,1.212545726,5.102891583,4.31276295,0.193858664,1.189305976,1.152994323,2.508326718,13.12272648,11.2285945,3.816542247,1.764163069,1.395563194,3.49090831,3.467433632,0.326295386,0.247597065,2696,12703,8853,167,2217,1466,7989,66921,54196,4901,4695,3129,7626,6954,457,215
0.20547074,0.96366094,0.68821565,0.01216603,0.16197519,0.10130407,0.6048028,5.16086196,4.19187341,0.37134224,0.35687023,0.24077608,0.5913645,0.53951972,0.03546438,0.01638041,1.98,1.91,2.13,1.2,244.54,31.73,175.94,38.08,4194,9576,9615,24236,1631,25060,66023,19628,75599,41430,2889,7272,3117,62321,398850,51751,286955,84931,152297,62113,11037555996,135897,188665,80699,107966,50411,48619,54401,30718,22514,125,125,289,125,904,8,0.22,50411,48619,54401,30718,49,222,217,10,59,65,65,585,549,396,67,59,142,142,10,14,1.212590975,5.103080554,4.312924604,0.193866084,1.189350754,1.153038221,2.508420857,13.12303961,11.22888454,3.816685043,1.764228045,1.395615246,3.491038716,3.467563752,0.326307783,0.24760654,2696,12703,8853,167,2217,1466,7988,66917,54193,4900,4695,3129,7626,6954,457,215
0.20530959,0.9646292,0.68881647,0.0121612,0.16214927,0.10150227,0.60472141,5.16214927,4.19306891,0.37111517,0.35736428,0.24060091,0.59144742,0.53970273,0.0353708,0.0163739,1.98,1.91,2.13,1.2,245.61,31.8,176.46,38.56,4204,9642,9645,24352,1636,25179,66310,19667,75952,41692,2896,7329,3111,62616,401824,52031,288691,85356,153343,63081,11073294590,136635,189702,81112,108590,50658,48866,54672,30843,22552,125,125,289,125,904,8,0.22,50658,48866,54672,30843,49,222,217,10,59,65,65,585,549,396,67,59,142,142,10,14,1.192249526,5.078823184,4.345200594,0.191772275,1.13554145,1.069123805,2.36182402,13.08227696,11.18494285,3.860741242,1.746388722,1.406489139,3.528367065,3.504881296,0.326012824,0.249664974,2594,12142,8671,154,2041,1276,7639,65029,52809,4675,4514,3031,7444,6793,445,206
0.20554675,0.96212361,0.68708399,0.01220285,0.16172742,0.10110935,0.60530903,5.15285262,4.18454834,0.37044374,0.35768621,0.24017433,0.58985737,0.53827258,0.03526149,0.0163233,1.98,1.91,2.14,1.2,246.59,32,177.12,38.67,4215,9663,9693,24443,1640,25273,66568,19712,76231,42034,2902,7386,3120,62823,404403,52480,290479,85700,154448,63424,11073135075,137510,190892,81499,109393,50918,49126,54951,30943,22578,125,125,289,125,904,8,0.22,50918,49126,54951,30943,49,222,217,10,59,65,65,585,549,396,67,59,142,142,10,14,1.192759777,5.084652289,4.347155373,0.191866103,1.137310651,1.070794358,2.363166192,13.09586069,11.19912491,3.866711216,1.742124117,1.408488834,3.53327984,3.509776262,0.326511818,0.250049987,2583,12136,8666,153,2040,1277,7608,64945,52753,4669,4496,3027,7441,6790,445,206
0.20727301,0.97662797,0.68063351,0.01283924,0.17044668,0.11270854,0.61413085,5.14469132,4.16644884,0.37672023,0.36095948,0.24056277,0.58629969,0.5346352,0.03513493,0.01652956,1.98,1.91,2.14,1.2,246.81,32.04,177.29,38.69,4223,9711,9714,24506,1644,25336,66709,19718,76420,42324,2905,7425,3120,62970,405760,52676,291462,86016,155015,63601,11073134997,138036,191539,81777,109762,51035,49243,55078,31027,22591,125,125,289,125,904,8,0.22,51035,49243,55078,31027,49,222,217,10,59,65,65,585,549,396,67,59,142,142,10,14,1.192809498,5.081010344,4.3409342,0.191904087,1.138788715,1.070099436,2.363612211,13.09248996,11.19490328,3.867352008,1.743544218,1.409057454,3.53361068,3.510099463,0.326689055,0.250099477,2584,12119,8655,153,2037,1274,7606,64903,52717,4670,4488,3028,7437,6785,446,206
0.20725707,0.97655289,0.68058118,0.01283825,0.17043358,0.11269988,0.61416052,5.14460332,4.16635916,0.37676814,0.36093173,0.24054428,0.58625461,0.5345941,0.03513223,0.01652829,1.98,1.91,2.14,1.2,247.07,32.08,177.46,38.73,4225,9714,9720,24523,1644,25353,66757,19733,76471,42343,2905,7428,3123,63015,406186,52739,291748,86076,155210,63680,11073134976,138200,191735,81830,109905,51070,49278,55116,31046,22599,125,125,289,125,904,8,0.22,51070,49278,55116,31046,49,222,217,10,59,65,65,585,549,396,67,59,142,142,10,14,1.193279901,5.078007869,4.337309085,0.189451813,1.138849138,1.070268132,2.363076065,13.08843383,11.1928385,3.867961519,1.743314528,1.409741129,3.526728218,3.503162421,0.326740409,0.25013909,2585,12105,8647,149,2035,1274,7600,64888,52707,4670,4482,3029,7434,6782,446,206
0.20727021,0.97679066,0.68067937,0.01283431,0.17061174,0.11266523,0.61397172,5.14394405,4.16600062,0.37665232,0.36082078,0.24047034,0.58607439,0.53442976,0.03512143,0.01652321,1.98,1.91,2.13,1.2,247.45,32.15,177.78,38.72,4238,9750,9750,24634,1651,25464,67054,19763,76804,42775,2905,7473,3132,63294,408539,53086,293515,86575,156346,63922,11224131700,139017,192727,82264,110463,51229,49437,55285,31157,22604,125,125,289,125,904,8,0.22,51229,49437,55285,31157,49,222,217,10,59,65,65,585,549,396,67,59,142,142,10,14,1.194101937,5.073833381,4.333428367,0.189617143,1.135577155,1.071063699,2.364989343,13.09251363,11.19569515,3.871308442,1.743799003,1.410940094,3.524839429,3.501250089,0.326666261,0.250357298,2582,12095,8641,149,2033,1272,7587,64841,52667,4666,4479,3029,7429,6778,445,206
0.20712969,0.97687462,0.68077751,0.01283036,0.17063614,0.11263061,0.61385987,5.14343884,4.1654118,0.3766134,0.36101721,0.24039644,0.58604794,0.53441918,0.03511063,0.01651813,1.98,1.91,2.13,1.2,247.42,32.14,177.76,38.73,4245,9771,9801,24677,1655,25507,67166,19796,76937,42972,2905,7515,3135,63382,409481,53196,294185,86756,156677,64101,11224226829,139292,193109,82416,110693,51330,49538,55391,31210,22646,125,125,289,125,904,8,0.22,51330,49538,55391,31210,49,222,217,10,59,65,65,585,549,396,67,59,142,142,10,14,1.194726551,5.073836744,4.333879821,0.189677371,1.135180195,1.07162541,2.365788214,13.08753243,11.19045241,3.872520972,1.745428436,1.411261896,3.52335705,3.499745603,0.326769199,0.250436788,2578,12080,8634,149,2025,1272,7589,64797,52631,4662,4479,3025,7427,6776,445,206
0.17509363,1.12578028,0.70411985,0.01061174,0.3102372,0.10081149,0.44413234,5.87952559,4.59363296,0.45786517,0.42977528,0.39825219,0.44475655,0.37515606,0.028402,0.0411985,1.52,1.45,1.68,1.04,129.51,15.34,77.38,41.74,2749,2660,3731,8901,1231,8905,24182,7262,26842,19440,3731,4302,1815,16994,159429,18886,95252,47533,50910,51384,1655118852,42035,57238,33440,23798,13884,13311,15371,9564,3603,81,81,81,41,424,8,0.54,13884,13311,15371,9564,17,92,65,8,70,33,31,154,154,43,116,59,150,150,3,9,0.94953377,4.574883616,3.419372073,0.211733822,1.990114789,0.91328759,1.752739935,10.23624647,8.732980775,2.150349955,2.568973587,1.928968841,3.512916327,3.485616173,0.190615845,0.346447009,561,3607,2256,34,994,323,1423,18838,14718,1467,1377,1276,1425,1202,91,132
0.17446941,1.12765293,0.70411985,0.01061174,0.31210986,0.10081149,0.44413234,5.88108614,4.59394507,0.45786517,0.43102372,0.39825219,0.44475655,0.37515606,0.028402,0.0411985,1.57,1.5,1.73,1.06,130.98,15.4,78.86,41.65,2762,2693,3737,9036,1239,9040,24554,7268,27247,19607,3749,4602,1821,17075,162285,19078,97703,47898,52292,51608,1655856322,42852,58694,33803,24891,14556,13925,16046,9849,4189,81,81,81,41,424,8,0.53,14556,13925,16046,9849,17,92,65,8,70,33,31,154,154,43,116,59,150,150,3,9,0.945696541,4.578309809,3.419372073,0.211733822,1.998430262,0.91328759,1.752739935,10.23746903,8.733227594,2.150349955,2.571921529,1.928968841,3.512916327,3.485616173,0.190615845,0.346447009,559,3613,2256,34,1000,323,1423,18843,14719,1467,1381,1276,1425,1202,91,132
0.18034321,1.13915757,0.70546022,0.01092044,0.32199688,0.10078003,0.44804992,5.88330733,4.59625585,0.45928237,0.42964119,0.39812793,0.44524181,0.37566303,0.02839314,0.04118565,1.57,1.5,1.73,1.06,130.98,15.4,78.86,41.65,2762,2693,3737,9036,1239,9040,24554,7268,27247,19607,3749,4602,1821,17075,162285,19078,97703,47898,52292,51608,1655856322,42852,58694,33803,24891,14556,13925,16046,9849,4189,81,81,81,41,424,8,0.53,14556,13925,16046,9849,17,92,65,9,70,33,31,154,154,43,116,59,150,150,3,9,0.953483084,4.595050438,3.422689933,0.223863247,2.02955535,0.913146837,1.754210474,10.23624768,8.733987891,2.150495089,2.560066795,1.928680712,3.512386815,3.48510097,0.190586765,0.346393721,578,3651,2261,35,1032,323,1436,18856,14731,1472,1377,1276,1427,1204,91,132
0.17991893,1.13875897,0.70502027,0.01091363,0.32210789,0.10071718,0.4477705,5.88462738,4.59713128,0.45899595,0.43062052,0.39787964,0.44621141,0.37667602,0.02837543,0.04115996,1.55,1.48,1.7,1.05,131.12,15.46,78.98,41.55,2792,2861,3830,9404,1268,9441,25317,7301,28178,20365,3808,4764,1875,17731,166266,19606,100142,49116,53472,52680,1655856752,43988,60205,34652,25553,14985,14354,16510,10213,4272,81,81,81,41,424,8,0.53,14985,14354,16510,10213,17,92,65,9,70,33,31,154,154,43,116,59,150,150,3,9,0.953091695,4.594612301,3.421667836,0.223793598,2.030962586,0.912865524,1.753699067,10.23508082,8.732977002,2.149854997,2.559690469,1.928104839,3.51186112,3.484608026,0.190528646,0.346287219,577,3652,2261,35,1033,323,1436,18872,14743,1472,1381,1276,1431,1208,91,132
0.17975078,1.14579439,0.7046729,0.01090343,0.32959502,0.10062305,0.44735203,5.88255452,4.594081,0.45856698,0.43239875,0.39750779,0.44579439,0.37632399,0.02834891,0.0411215,1.54,1.48,1.7,1.05,131.23,15.46,79.21,41.42,2823,2948,3836,9524,1280,9556,25588,7385,28536,20978,3836,4857,1878,17965,167971,19788,101385,49586,54206,53018,1655856926,44535,60924,34971,25953,15149,14519,16681,10332,4302,81,81,81,41,424,8,0.52,15149,14519,16681,10332,17,92,65,9,70,33,31,154,154,43,116,59,150,150,3,9,0.950370284,4.605149773,3.420208858,0.223689245,2.061310148,0.912444042,1.752932789,10.23324134,8.730440311,2.148895928,2.561628579,1.927241994,3.51024616,3.482998342,0.190441567,0.346127649,577,3678,2262,35,1058,323,1436,18883,14747,1472,1388,1276,1431,1208,91,132
0.18009331,1.14712286,0.70637636,0.01088647,0.32939347,0.10046656,0.4466563,5.87620529,4.58849145,0.45847589,0.43234837,0.39688958,0.44510109,0.37573873,0.02830482,0.04105754,1.55,1.48,1.7,1.05,131.46,15.49,79.41,41.42,2834,2981,3851,9562,1284,9593,25668,7433,28649,21042,3838,4872,1884,18055,168800,19891,101960,49772,54579,53186,1655857030,44753,61221,35125,26096,15223,14591,16754,10370,4321,81,81,81,41,424,8,0.52,15223,14591,16754,10370,17,92,65,9,70,33,31,154,154,43,116,59,150,150,3,9,0.95019454,4.608309855,3.425129859,0.223515649,2.0618864,0.911742866,1.751657873,10.22893055,8.725618315,2.151942703,2.560923954,1.925806482,3.507559503,3.480320485,0.1902967,0.34586219,579,3688,2271,35,1059,323,1436,18892,14752,1474,1390,1276,1431,1208,91,132
0.17947123,1.14712286,0.7066874,0.01088647,0.32908243,0.10046656,0.4466563,5.87838258,4.59004666,0.45847589,0.43297045,0.39688958,0.44510109,0.37573873,0.02830482,0.04105754,1.54,1.48,1.7,1.05,131.59,15.52,79.57,41.55,2874,2984,3854,9609,1289,9656,25842,7490,28826,21125,3871,4881,1887,18187,169614,20008,102563,50176,54729,53554,1655860382,44925,61492,35289,26203,15292,14659,16823,10415,4335,81,81,81,41,424,8,0.52,15292,14659,16823,10415,17,92,65,9,70,33,31,154,154,43,116,59,150,150,3,9,0.949002112,4.608444844,3.425837524,0.223515649,2.060955311,0.911742866,1.751657873,10.23173862,8.727740966,2.151942703,2.562518756,1.925806482,3.507559503,3.480320485,0.1902967,0.34586219,577,3688,2272,35,1058,323,1436,18899,14757,1474,1392,1276,1431,1208,91,132
0.17990726,1.15394127,0.71128284,0.01112828,0.33137558,0.10015456,0.4438949,5.87171561,4.58145286,0.45564142,0.43647604,0.39814529,0.44358578,0.37434312,0.02812983,0.04111283,1.56,1.49,1.71,1.06,178.74,15.63,126.99,88.29,3216,3142,4324,10539,1391,10574,28235,8817,31377,22110,4733,5367,1902,19375,248629,21741,176638,53707,124707,122807,1695338373,48292,66406,38023,28383,16995,16205,18580,11529,5488,81,81,81,41,424,8,0.7,16995,16205,18580,11529,17,92,65,9,70,33,31,154,154,43,116,59,150,150,3,9,0.949626783,4.609691332,3.429048479,0.228968105,2.066944925,0.909090264,1.746585711,10.22192331,8.713813,2.144716706,2.565114664,1.922870477,3.496275537,3.469080493,0.189720518,0.345217712,582,3733,2301,36,1072,324,1436,18995,14821,1474,1412,1288,1435,1211,91,133
0.21033762,1.22019719,0.76307141,0.0107559,0.33642068,0.10994921,0.46579026,5.81266806,4.53570362,0.44636988,0.42844338,0.40215118,0.45652823,0.38571855,0.02838363,0.04242605,1.56,1.49,1.7,1.06,178.46,15.67,126.6,87.8,3300,3181,4441,10701,1407,10725,28679,9061,31860,22401,4823,5454,1932,19651,251092,22054,178131,54415,125308,123534,1695338597,48810,67186,38580,28606,17199,16409,18784,11702,5532,81,81,81,41,424,8,0.69,17199,16409,18784,11702,17,92,80,9,70,30,28,154,154,43,116,59,150,150,3,9,1.018490878,4.86564988,3.773506769,0.225113448,2.052870808,0.884338838,1.784710232,10.11351087,8.617983494,2.113108984,2.526206367,1.853033472,3.471012956,3.445986713,0.191157651,0.344826245,704,4084,2554,36,1126,368,1559,19455,15181,1494,1434,1346,1528,1291,95,142
0.21239453,1.20977597,0.76171079,0.01047425,0.3287751,0.10881583,0.46697702,5.71981379,4.46726797,0.43439046,0.42129764,0.39685773,0.46377655,0.39423916,0.02764038,0.041897,1.55,1.48,1.7,1.06,173.15,15.63,121.85,86.33,3337,3106,4485,10786,1432,10848,29200,9138,32306,22947,4861,5454,1941,20050,247945,22382,174494,52397,120909,123628,1695338800,44075,62662,36363,26299,17330,16540,18919,11795,5551,81,81,81,41,424,8,0.71,17330,16540,18919,11795,17,92,80,9,70,30,28,154,154,43,117,59,150,150,3,9,1.022720077,4.828081696,3.756861287,0.222153168,2.027199692,0.881270356,1.775885236,10.02909907,8.539789764,2.086467687,2.507826621,1.833535441,3.446449733,3.420182016,0.188692701,0.348723443,730,4158,2618,36,1130,374,1605,19659,15354,1493,1448,1364,1594,1355,95,144
0.12408347,0.94450085,0.65651438,0.01500282,0.17732657,0.09565708,0.02560632,5.63745065,4.36728708,0.4179357,0.58477157,0.26745629,0.69588269,0.66971235,0.01489002,0.01128032,1.73,1.72,1.82,1.07,233.02,34.12,109.55,54.39,1251,2220,8901,9435,1117,9813,26886,8062,29106,26394,1083,4275,1413,22335,260280,38108,122363,38029,59922,60754,9331636,60866,78976,35942,43034,17151,17063,18079,10617,4873,51,51,53,38,91,7,0.5,17151,17063,18079,10617,17,222,217,8,36,20,4,350,180,87,260,65,244,244,7,46,0.75695744,6.030236788,5.404214752,0.21162083,1.143866778,0.78485975,0.230545924,12.02650188,9.154647486,2.239232511,4.379392651,1.947444307,4.358913173,4.314679592,0.19118608,0.567086733,1100,8373,5820,133,1572,848,227,49976,38716,3705,5184,2371,6169,5937,132,100
0.12200788,1.01807898,0.73154227,0.01676598,0.17897182,0.09079891,0.04332896,5.51126149,4.24674275,0.41036259,0.57832542,0.27583072,0.64841935,0.62215938,0.01474599,0.01151399,1.73,1.72,1.82,1.07,236.55,34.4,112.05,54.35,1277,2241,9078,9584,1135,9964,27321,8152,29562,26875,1095,4386,1416,22665,268482,39044,127176,40188,61085,61685,11975485,61896,80323,36571,43752,17460,17368,18412,10795,4978,51,51,53,38,91,7,0.49,17460,17368,18412,10795,17,222,217,10,43,21,11,350,180,87,260,66,244,244,7,46,0.750356915,6.531455388,5.949340382,0.23765699,1.193561741,0.75750774,0.330641029,11.75018559,8.988204502,2.213338763,4.210626039,2.001406088,4.195085497,4.153351426,0.189579851,0.53902239,1208,10080,7243,166,1772,899,429,54567,42047,4063,5726,2731,6420,6160,146,114
0.13150842,0.95300536,0.64749234,0.01493109,0.20396248,0.08661945,0.04900459,5.53550919,4.25478561,0.40859495,0.59111792,0.28101072,0.63696401,0.60901608,0.01550536,0.01244257,1.74,1.73,1.84,1.08,239.51,35.1,113.21,54.46,1345,2379,9444,9961,1174,10340,28336,8547,30715,28081,1159,4521,1491,23544,281185,41206,132905,41911,63488,63938,12203554,64226,83518,38143,45375,18244,18142,19240,11276,5217,51,51,53,38,91,7,0.48,18244,18142,19240,11276,34,222,217,10,43,21,25,350,180,85,260,66,244,244,7,46,0.862443122,5.76161459,5.149178802,0.225582187,1.279489661,0.73736222,0.420442145,11.61728933,8.911218564,2.032015671,4.127412466,1.973769232,4.126563054,4.084902809,0.191584064,0.527605333,1374,9957,6765,156,2131,905,512,57835,44454,4269,6176,2936,6655,6363,162,130
0.13042649,0.95324874,0.64755271,0.01488408,0.20398817,0.08682378,0.04942277,5.54670356,4.25989887,0.41131571,0.59479057,0.28069841,0.63648507,0.60862513,0.01545654,0.0124034,1.76,1.75,1.85,1.08,241.8,35.41,113.82,54.65,1354,2409,9513,10157,1179,10496,28552,8625,30961,28277,1159,4551,1491,23760,285085,41744,134193,42257,64038,64427,12283483,64731,84822,38617,46205,18695,18586,19712,11491,5286,51,51,53,38,91,7,0.48,18695,18586,19712,11491,34,222,217,10,43,21,26,350,180,85,260,66,244,244,7,46,0.874574166,5.756907152,5.143824586,0.225228331,1.27820244,0.739199843,0.426039087,11.65583729,8.918815829,2.04238594,4.166830045,1.975718099,4.121555014,4.079972662,0.191284192,0.526774542,1367,9991,6787,156,2138,910,518,58135,44648,4311,6234,2942,6671,6379,162,130
0.13179074,0.96387415,0.64953357,0.015182,0.20203036,0.09712822,0.04481434,5.50384123,4.22416316,0.40186574,0.60023779,0.27757454,0.63993049,0.61121273,0.01545638,0.01326139,1.76,1.75,1.86,1.08,244.22,35.79,114.79,54.99,1370,2433,9867,10331,1194,10669,29052,8822,31485,28728,1170,4647,1518,24150,291601,42737,137064,43073,65483,65664,14011273,66066,86508,39368,47140,19041,18928,20079,11688,5376,51,51,53,38,91,7,0.48,19041,18928,20079,11688,36,232,227,10,43,21,11,350,180,85,260,66,244,244,7,46,0.904083451,5.890848594,5.270643151,0.224989032,1.272132214,0.790170187,0.334586522,11.60929304,8.857423888,2.016490502,4.163847903,1.93351543,4.086894632,4.047100882,0.189920673,0.520397645,1441,10539,7102,166,2209,1062,490,60179,46187,4394,6563,3035,6997,6683,169,145
0.13389567,0.9480796,0.64261731,0.01596921,0.19981984,0.08967325,0.08615183,5.41839325,4.18204897,0.39480796,0.5859471,0.25558922,0.64073377,0.61198919,0.01646057,0.01228401,1.77,1.76,1.87,1.08,214.23,25.04,117.3,57.35,1336,2361,9591,10095,1156,10396,28331,8712,30692,27809,1119,4542,1500,23531,247651,28947,135595,41809,64042,66299,25182023,64259,84318,38224,46094,18659,18549,19697,11413,5279,51,51,53,38,91,7,0.49,18659,18549,19697,11413,36,232,227,10,43,21,54,350,180,85,260,66,244,244,7,46,0.896040873,5.763520687,5.151749951,0.239065347,1.277500362,0.755663128,1.065589884,11.36319585,8.788939608,1.953635686,3.96884671,1.837277355,4.011947792,3.975207797,0.188892142,0.493023758,1635,11577,7847,195,2440,1095,1052,66164,51067,4821,7155,3121,7824,7473,201,150
0.2447358,1.06297179,0.78203218,0.01599126,0.19805324,0.06689511,0.22641041,4.97303337,3.8628824,0.37445372,0.52319229,0.21250497,0.53133691,0.50099325,0.02170242,0.00864124,2.16,2.13,2.74,1.17,236.37,27.36,127.4,56.56,1563,2514,10308,20029,1718,20126,30911,9399,33425,30117,1253,4962,1815,25395,406092,47010,218866,46662,67994,97173,2615854087,68361,148607,57499,91108,44731,44155,56757,24176,5101,66,64,134,38,105,12,0.44,44544,43968,56502,24079,36,1231,1200,14,272,25,59,350,281,102,260,67,244,244,69,26,0.994870186,11.66239383,10.69167415,0.266569573,2.424630307,0.671918587,1.24750038,11.69224951,9.021704995,2.174506221,4.262092621,1.50293864,3.739707279,3.69273237,0.531932073,0.255889742,4928,21404,15747,322,3988,1347,4559,100137,77783,7540,10535,4279,10699,10088,437,174
0.24491211,1.08784353,0.78970042,0.01584551,0.21510275,0.06719485,0.22673929,4.95845506,3.8659074,0.37494429,0.50477841,0.21282496,0.53003219,0.4995791,0.02178757,0.00866551,2.16,2.13,2.74,1.17,237.7,27.28,127.84,56.6,1586,2538,10461,20119,1734,20218,31216,9397,33754,30800,1255,5016,1884,25599,412174,47308,221681,47166,68710,98138,2638558078,68985,149248,57876,91372,44892,44316,56918,24313,5162,66,64,134,38,105,12,0.44,44705,44129,56665,24216,24,1231,1200,14,272,25,59,350,281,102,260,68,244,244,69,26,0.969008874,11.74485747,10.76841194,0.266001119,2.456994237,0.671929173,1.247423902,11.60892022,9.040162039,2.173063413,4.118535141,1.504787743,3.730076465,3.683079936,0.531382715,0.255417512,4946,21969,15948,320,4344,1357,4579,100136,78072,7572,10194,4298,10704,10089,440,175
0.27720268,1.06267273,0.76785798,0.01550424,0.2120474,0.0672631,0.24188487,5.02922854,3.84945431,0.45219917,0.4923884,0.23518666,0.53777695,0.50662795,0.0219214,0.0092276,2.14,2.11,2.71,1.17,235.83,27.04,127.2,55,1526,2607,10464,20486,1787,20538,31763,9649,34370,30686,1174,5181,1920,26095,421433,48316,227300,48368,69606,98280,2634180598,70337,150914,58771,92143,45190,44607,57218,24692,5096,66,64,134,38,105,12,0.43,45002,44419,56968,24596,76,1231,1200,14,272,25,59,427,392,102,260,68,374,374,69,26,1.371188901,11.37887772,10.4137001,0.259158724,2.404843324,0.664660007,1.27049974,11.72256013,9.267121064,2.305880745,3.968894072,1.535016482,4.424809562,4.38647887,0.524706502,0.253615217,5918,22687,16393,331,4527,1436,5164,107369,82182,9654,10512,5021,11481,10816,468,197
0.27886085,1.07872193,0.78175504,0.01532762,0.21356796,0.06807131,0.24440843,5.03468396,3.85001158,0.45723547,0.49266034,0.23477657,0.53475342,0.5036351,0.02194953,0.00916879,2.13,2.1,2.69,1.17,259.74,34.38,129.01,55.12,1542,2637,10536,20716,1806,20767,32382,9805,35019,31049,1188,5271,1935,26625,469096,62088,232990,49322,70594,99542,2634181288,71387,152304,59549,92755,45521,44936,57570,24963,5191,66,64,134,38,105,12,0.43,45334,44749,57317,24866,75,1232,1201,14,272,25,59,427,392,102,269,68,374,374,71,26,1.386814833,11.43833376,10.4848393,0.257863284,2.396870544,0.6660467,1.271155997,11.71589877,9.240265398,2.313126889,4.003862379,1.540616013,4.405413893,4.36584899,0.534245011,0.252258571,6022,23295,16882,331,4612,1470,5278,108724,83141,9874,10639,5070,11548,10876,474,198
0.27881773,0.81576355,0.64039409,0.01477833,0.12610837,0.03448276,0.12019704,3.23448276,2.68866995,0.20985222,0.30147783,0.03448276,0.50147783,0.47389163,0.01674877,0.01083744,1.67,1.65,1.77,1.13,124.75,14.39,70.82,40.24,1125,2493,3564,5118,839,5483,13752,4868,16245,10556,973,1830,951,12491,104665,12076,59419,26451,29843,33763,27206,32790,43024,22278,20746,9225,9127,9760,6242,3043,29,29,32,19,105,10,0.57,9225,9127,9760,6242,33,26,22,3,15,6,2,142,129,12,18,5,125,125,5,4,1.597440866,1.953283905,1.591152831,0.162427172,0.684708509,0.357596111,0.378402086,6.919252295,6.25292993,0.893491231,1.218796864,0.303985194,4.267848385,4.257830587,0.240515192,0.185378824,283,828,650,15,128,35,122,3283,2729,213,306,35,509,481,17,11
0.2425876,0.83198562,0.64510332,0.01257862,0.13656784,0.03773585,0.14824798,3.29380054,2.76999102,0.21383648,0.27762803,0.03234501,0.46630728,0.4393531,0.01707098,0.0098832,1.63,1.61,1.72,1.13,120.26,14.17,68.72,38.06,1272,2706,3987,5861,952,6235,15794,5323,18500,11643,1017,1968,1143,14372,114492,13486,65419,29712,32095,36230,46699,35622,46992,24860,22132,10247,10136,10806,7079,3234,32,32,33,17,105,10,0.55,10247,10136,10806,7079,34,25,22,3,15,6,13,142,129,12,18,5,125,125,5,4,1.509032805,1.954004185,1.596496561,0.152322244,0.694763942,0.365166942,0.619058703,6.860366218,6.26167321,0.868282541,1.097744538,0.291902671,4.088968628,4.078977323,0.237302245,0.177056102,270,926,718,14,152,42,165,3666,3083,238,309,36,519,489,19,11
0.2432675,0.83752244,0.64901257,0.01256733,0.13824058,0.03770198,0.1481149,3.3016158,2.77199282,0.21633752,0.28096948,0.03231598,0.46678636,0.43985637,0.01705566,0.00987433,1.62,1.61,1.71,1.12,120.53,14.2,68.94,38.07,1276,2751,4044,5919,956,6294,15925,5371,18676,11713,1019,1986,1149,14522,115227,13574,65907,30023,32305,36392,46744,35903,47330,25092,22238,10301,10195,10868,7127,3211,32,32,33,17,105,10,0.55,10301,10195,10868,7127,34,25,22,3,17,6,13,142,129,12,18,5,125,125,5,4,1.511498272,1.974612559,1.597732885,0.152254327,0.734328154,0.365004755,0.618796714,6.868386788,6.259792055,0.881111719,1.109392151,0.291773234,4.08804263,4.078061282,0.237196262,0.176976863,271,933,723,14,154,42,165,3678,3088,241,313,36,520,490,19,11
0.24177778,0.84355556,0.65244444,0.01244444,0.13955556,0.03911111,0.14666667,3.29066667,2.75822222,0.21688889,0.28266667,0.03288889,0.49777778,0.47022222,0.01688889,0.01066667,1.61,1.6,1.7,1.12,120.7,14.2,68.8,38.37,1286,2793,4071,5958,964,6371,16081,5392,18874,11796,1112,2010,1158,14594,116358,13691,66327,30270,32446,36987,46800,36158,47650,25314,22336,10353,10247,10922,7168,3225,32,32,33,17,105,10,0.56,10353,10247,10922,7168,34,25,22,3,17,6,13,142,129,12,18,5,125,125,5,4,1.505024605,1.977308109,1.601417644,0.151513191,0.732174708,0.365487937,0.615936505,6.849360197,6.235969955,0.878928191,1.1099998,0.291788525,4.227239125,4.217872286,0.236039754,0.178567136,272,949,734,14,157,44,165,3702,3103,244,318,37,560,529,19,12
0.22823529,0.8454902,0.63607843,0.01176471,0.15294118,0.04470588,0.13803922,3.45176471,2.86980392,0.21019608,0.31294118,0.05882353,0.53803922,0.50980392,0.0172549,0.01098039,1.58,1.55,1.66,1.1,123.12,14.47,70.69,39.13,1483,3222,4560,7071,1089,7534,19111,6253,22333,14720,1447,2463,1287,17136,134075,15757,76977,34860,37920,42618,164092,41654,54883,29020,25863,11953,11779,12582,8373,3930,34,32,34,24,241,10,0.55,11953,11779,12582,8373,33,28,23,3,23,6,13,218,202,15,18,5,195,195,6,4,1.449430863,2.164701051,1.654735425,0.145045035,0.968190741,0.36563323,0.585916475,8.447939001,7.80348778,0.885467618,1.218207127,0.378426293,5.761052811,5.754495426,0.243536674,0.172288573,291,1078,811,15,195,57,176,4401,3659,268,399,75,686,650,22,14
0.22378607,0.80577058,0.60661506,0.01055595,0.14707952,0.04152006,0.14004222,3.47009149,2.87825475,0.22378607,0.30823364,0.05981703,0.50316678,0.47642505,0.01688951,0.00985222,1.6,1.57,1.69,1.11,122.69,14.4,70.33,39.14,1645,3432,4989,7843,1216,8333,21286,7035,24718,16259,1553,2757,1461,18947,149197,17515,85524,38829,42141,47594,822116,46330,61147,32407,28740,13403,13202,14157,9290,4441,51,51,74,25,263,10,0.56,13403,13202,14157,9290,33,28,23,3,23,6,13,218,202,15,18,5,195,195,6,4,1.383230223,2.065158283,1.595008448,0.137438261,0.909044545,0.352482217,0.578242379,8.1638731,7.497686158,0.968481487,1.21014759,0.3933969,5.496671359,5.490344685,0.233678553,0.163231936,318,1145,862,15,209,59,199,4931,4090,318,438,85,715,677,24,14
0.22394822,0.81100324,0.59288026,0.01035599,0.1605178,0.04724919,0.14368932,3.84789644,3.2012945,0.2368932,0.33333333,0.07637541,0.64660194,0.61941748,0.01747573,0.00970874,1.57,1.54,1.66,1.09,125.64,14.4,72.09,40.69,1808,3804,4974,8777,1324,9368,23946,7715,27750,16068,1914,3246,1545,21045,166348,19063,95453,43271,47133,53868,162491,51268,67594,35685,31909,14780,14564,15609,10323,4705,51,51,74,25,263,10,0.56,14780,14564,15609,10323,33,30,26,3,20,9,13,426,392,34,18,16,374,374,6,4,1.455825018,2.095273297,1.60801425,0.134222691,0.859815434,0.44032263,0.572340322,13.18509641,12.21539157,1.246690658,1.270866823,0.620568537,9.768287792,9.765344493,0.228301957,0.162612906,346,1253,916,16,248,73,222,5945,4946,366,515,118,999,957,27,15
0.19361483,0.7507724,0.56488157,0.00875386,0.13491246,0.04222451,0.14006179,3.65756952,3.08650875,0.19515963,0.30175077,0.07415036,0.53861998,0.51441813,0.01493306,0.0092688,1.56,1.54,1.64,1.1,127.67,14.71,74.16,40.27,2038,4131,5439,10051,1460,10679,27543,8740,31674,18544,2118,3624,1638,24294,186398,21480,108275,48727,53562,58798,182896,58231,76648,40066,36582,16741,16514,17643,11798,5149,51,51,74,25,263,10,0.54,16741,16514,17643,11798,33,96,96,3,20,9,13,427,392,34,24,16,374,374,6,4,1.339259218,2.912151275,2.627718535,0.126040845,0.783668568,0.408797179,0.535987684,12.21876804,11.29702591,1.133025102,1.270186953,0.593182322,8.737168125,8.734294314,0.206195169,0.15023696,376,1458,1097,17,262,82,272,7103,5994,379,586,144,1046,999,29,18
0.20280058,0.72911637,0.55045872,0.00917431,0.13085466,0.03862868,0.14534042,3.69048769,3.12216321,0.19652342,0.30226944,0.06953163,0.5156929,0.49299855,0.01352004,0.00917431,1.55,1.53,1.63,1.1,128.8,14.82,75.31,40.13,2170,4275,5652,10715,1524,11361,29437,9550,33712,19804,2176,3831,1755,25950,196293,22584,114772,52192,56104,61156,185728,61322,80800,42691,38109,17699,17460,18643,12521,5255,51,51,74,23,263,10,0.53,17699,17460,18643,12521,33,96,96,3,20,9,13,427,392,34,24,16,374,374,6,4,1.343982378,2.838399373,2.561505799,0.129676059,0.766745581,0.393641952,0.530686779,11.98716928,11.06449406,1.152541116,1.272367115,0.569626953,8.468284911,8.465502138,0.196076236,0.147120582,420,1510,1140,19,271,80,301,7643,6466,407,626,144,1068,1021,28,19
0.21593481,0.6785876,0.49253056,0.01041195,0.13716614,0.03847895,0.16251698,3.70122227,3.15029425,0.18424627,0.3010412,0.06564056,0.50701675,0.48709823,0.01131734,0.00860118,1.55,1.53,1.63,1.09,134.02,15.28,80.12,39.68,2551,4587,5904,11836,1580,12525,32602,11922,37189,21243,2332,4161,1782,28914,211755,24137,126590,57475,62265,62699,190555,67041,88601,46755,41846,19484,19243,20545,13748,5533,51,51,74,23,263,10,0.5,19484,19243,20545,13748,33,30,26,5,20,9,13,429,392,34,25,16,374,374,6,4,1.4304455,1.929705972,1.457738246,0.154545618,0.792517823,0.383999402,0.543556188,12.68646896,11.76120681,1.176195879,1.358841344,0.539722326,8.222024911,8.219319464,0.186358041,0.142468342,477,1499,1088,23,303,85,359,8176,6959,407,665,145,1120,1076,25,19
0.00454841,0.5237167,0.50617284,0,0.00519818,0.01234568,0.07277453,4.02469136,3.38076673,0.23521767,0.02339181,0.38531514,0.14814815,0.12540611,0.00454841,0.01819363,1.37,1.37,1.4,1.13,247.99,39.99,165.44,42.97,9399,2925,2103,26778,1447,26929,77934,15495,80859,259281,5124,846,1752,73137,358846,57869,239388,82305,138419,62173,11218504,110638,150236,67533,82703,37104,37080,37750,30447,9420,40,40,49,31,96,10,0.26,37104,37080,37750,30447,2,123,123,0,4,7,2,337,333,4,13,12,8,8,1,4,0.091795182,5.585759087,5.495387123,0,0.119448632,0.201948649,0.269585937,12.63027145,12.40932991,0.466451637,0.379080909,1.148071842,0.692586859,0.661184389,0.067288335,0.209412338,7,806,779,0,8,19,112,6194,5203,362,36,593,228,193,7,28
0.00454546,0.52402597,0.50649351,0,0.00519481,0.01233766,0.07337662,4.03181818,3.38571429,0.23636364,0.02337662,0.38636364,0.1512987,0.12857143,0.00454546,0.01818182,1.37,1.37,1.4,1.13,248.48,40.03,165.89,42.97,9454,2928,2106,26899,1450,27055,78304,15534,81232,259659,5146,846,1758,73482,360298,58044,240538,82609,139162,62300,11218700,111072,150859,67815,83044,37281,37257,37937,30583,9455,40,40,49,31,96,10,0.26,37281,37257,37937,30583,2,123,123,0,4,7,2,338,334,4,13,12,8,8,1,4,0.091765447,5.58442355,5.494089804,0,0.119409917,0.201883315,0.270531513,12.64591307,12.42418269,0.468462279,0.37895828,1.148435875,0.717022796,0.686863215,0.067266584,0.209344849,7,807,780,0,8,19,113,6209,5214,364,36,595,233,198,7,28
0.00454546,0.52402597,0.50649351,0,0.00519481,0.01233766,0.07337662,4.03831169,3.39155844,0.23636364,0.02337662,0.38701299,0.1525974,0.12987013,0.00454546,0.01818182,1.37,1.37,1.4,1.13,248.77,40.11,166.14,42.92,9476,2934,2097,26981,1451,27139,78548,15543,81482,259835,5162,846,1761,73713,360961,58198,241073,82776,139507,62274,11218470,111313,151187,67979,83208,37373,37349,38034,30670,9466,40,40,49,31,96,10,0.26,37373,37349,38034,30670,2,123,123,0,4,7,2,338,334,4,13,12,9,9,1,4,0.091765447,5.58442355,5.494089804,0,0.119409917,0.201883315,0.270531513,12.64882161,12.42637774,0.468462279,0.37895828,1.148499942,0.731099337,0.701587242,0.067266584,0.209344849,7,807,780,0,8,19,113,6219,5223,364,36,596,235,200,7,28
0.00454546,0.52402597,0.50649351,0,0.00519481,0.01233766,0.07337662,4.03896104,3.39220779,0.23636364,0.02337662,0.38701299,0.1525974,0.12987013,0.00454546,0.01818182,1.37,1.37,1.4,1.13,248.86,40.13,166.23,42.91,9495,2934,2097,27017,1452,27175,78656,15543,81590,260049,5162,846,1761,73821,361351,58270,241359,82863,139694,62306,11218514,111431,151346,68060,83286,37413,37389,38074,30706,9467,40,40,49,31,96,10,0.26,37413,37389,38074,30706,2,123,123,0,4,7,2,338,334,4,13,12,9,9,1,4,0.091765447,5.58442355,5.494089804,0,0.119409917,0.201883315,0.270531513,12.65100125,12.42857794,0.468462279,0.37895828,1.148499942,0.731099337,0.701587242,0.067266584,0.209344849,7,807,780,0,8,19,113,6220,5224,364,36,596,235,200,7,28
0.00453662,0.52300713,0.50550875,0,0.00518471,0.01231368,0.07323396,4.04406999,3.39857421,0.23655217,0.02333117,0.38561244,0.1529488,0.13026572,0.00453662,0.01814647,1.37,1.37,1.4,1.13,248.43,40.07,165.97,42.78,9516,2934,2109,27091,1458,27250,78880,15555,81814,260502,5167,846,1764,74037,362208,58422,241987,83130,140016,62380,11218591,111688,151708,68260,83448,37508,37484,38171,30776,9473,40,40,49,31,96,10,0.26,37508,37484,38171,30776,2,123,123,0,4,7,2,338,334,4,13,12,9,9,1,4,0.091676414,5.579039867,5.488791571,0,0.119293998,0.201687695,0.270287721,12.64636931,12.42496277,0.468487492,0.378591103,1.144051253,0.730727353,0.7012703,0.067201459,0.209142772,7,807,780,0,8,19,113,6240,5244,365,36,595,236,201,7,28
0.00452489,0.52165482,0.50420168,0,0.0051713,0.01228184,0.0730446,4.04395604,3.39883646,0.23723336,0.02327085,0.38461539,0.15255333,0.1299289,0.00452489,0.01809955,1.37,1.37,1.4,1.13,248.26,40.05,165.83,42.78,9533,2934,2109,27142,1462,27301,79033,15576,81967,262392,5173,846,1800,74148,362957,58553,242438,83323,140266,62547,11218648,111919,151992,68404,83588,37566,37542,38229,30827,9473,40,40,49,31,96,10,0.26,37566,37542,38229,30827,2,123,123,0,4,7,2,338,334,4,13,12,9,9,1,4,0.091558106,5.571885781,5.481751043,0,0.119139963,0.20142775,0.269963679,12.64474083,12.42396182,0.468762664,0.378103191,1.142739042,0.729823373,0.700394335,0.067114918,0.208874245,7,807,780,0,8,19,113,6256,5258,367,36,595,236,201,7,28
0.00453368,0.52266839,0.50518135,0,0.00518135,0.0123057,0.07318653,4.0615285,3.41256477,0.23834197,0.02331606,0.3873057,0.15284974,0.13018135,0.00453368,0.01813472,1.37,1.37,1.4,1.13,248.33,40.09,165.91,42.72,9573,2937,2133,27254,1467,27413,79366,15477,82303,267044,5197,855,1827,74424,364294,58810,243394,83646,140817,62670,11218770,112328,152558,68676,83882,37717,37693,38387,30948,9493,40,40,49,31,96,10,0.26,37717,37693,38387,30948,2,123,123,0,4,7,2,339,335,4,13,12,9,9,1,4,0.091646794,5.577248763,5.487028896,0,0.119255433,0.201622614,0.270206602,12.70457352,12.48486639,0.469462649,0.378468948,1.142216051,0.729613897,0.700126538,0.067179792,0.209075543,7,807,780,0,8,19,113,6271,5269,368,36,598,236,201,7,28
0.00451613,0.52064516,0.50322581,0,0.00516129,0.01225807,0.07290323,4.04967742,3.40322581,0.23741936,0.02322581,0.38580645,0.15612903,0.13354839,0.00451613,0.01806452,1.37,1.37,1.4,1.12,248.26,40.06,165.84,42.76,9628,2952,2139,27357,1473,27522,79672,15480,82624,267824,5209,870,1827,74718,365693,59003,244286,83970,141322,62984,11218926,112685,153060,68928,84132,37850,37826,38523,31056,9509,40,40,49,31,96,10,0.26,37850,37826,38523,31056,2,123,123,0,4,7,2,340,336,4,13,12,9,9,1,4,0.091469674,5.566538239,5.476488389,0,0.119024827,0.201233449,0.269721404,12.72871214,12.50917041,0.46878682,0.377738492,1.140256831,0.730097994,0.70085454,0.067050232,0.208673527,7,807,780,0,8,19,113,6277,5275,368,36,598,242,207,7,28
0.00450451,0.51930502,0.5019305,0,0.00514801,0.01222651,0.07400257,4.04504505,3.4009009,0.23680824,0.02316602,0.38416988,0.15765766,0.13513514,0.00450451,0.01801802,1.37,1.37,1.39,1.12,247.86,39.94,165.46,42.86,9681,2952,2148,27458,1481,27627,79984,15507,82936,268643,5227,873,1848,74988,367082,59149,245044,84260,141703,63470,17942295,113004,153518,69183,84335,37980,37956,38653,31146,9526,41,41,51,31,96,10,0.26,37980,37956,38653,31146,2,123,123,0,4,7,2,340,336,4,13,12,9,9,1,4,0.091352164,5.559432073,5.469495035,0,0.118871831,0.200975255,0.27379043,12.7192951,12.50110005,0.468337629,0.377253864,1.136628541,0.730108979,0.700992871,0.066964274,0.208406801,7,807,780,0,8,19,115,6286,5285,368,36,597,245,210,7,28
0.00450451,0.52316602,0.50579151,0,0.00514801,0.01222651,0.07271557,4.05148005,3.40604891,0.23680824,0.02316602,0.38545689,0.15765766,0.13513514,0.00450451,0.01801802,1.37,1.37,1.39,1.12,249.48,40.09,166.06,43.72,9716,2970,2166,27554,1482,27723,80254,15543,83224,271944,5233,873,1866,75252,369736,59413,246107,84570,142447,64797,18286959,113468,154106,69414,84692,38101,38077,38778,31258,9567,41,41,51,31,96,10,0.26,38101,38077,38778,31258,2,123,123,0,4,7,2,340,336,4,13,12,9,9,1,4,0.091352164,5.594724603,5.504791868,0,0.118871831,0.200975255,0.271777528,12.71876474,12.50098537,0.468337629,0.377253864,1.141278643,0.730108979,0.700992871,0.066964274,0.208406801,7,813,786,0,8,19,113,6296,5293,368,36,599,245,210,7,28