NoGenSM,NoSM,NoPubSM,NoProSM,NoPriSM,NoDefSM,NoGenM,NoM,NoPubM,NoProM,NoPriM,NoDefM,NoAM,NoPubAM,NoProAM,NoDefAM,AvgCyclomatic,AvgCyclomaticModified,AvgCyclomaticStrict,AvgEssential,AvgLine,AvgLineBlank,AvgLineCode,AvgLineComment,CountDeclClass,CountDeclClassMethod,CountDeclClassVariable,CountDeclExecutableUnit,CountDeclFile,CountDeclFunction,CountDeclInstanceMethod,CountDeclInstanceVariable,CountDeclMethod,CountDeclMethodAll,CountDeclMethodDefault,CountDeclMethodPrivate,CountDeclMethodProtected,CountDeclMethodPublic,CountLine,CountLineBlank,CountLineCode,CountLineCodeDecl,CountLineCodeExe,CountLineComment,CountPath,CountSemicolon,CountStmt,CountStmtDecl,CountStmtExe,Cyclomatic,CyclomaticModified,CyclomaticStrict,Essential,Knots,MaxCyclomatic,MaxCyclomaticModified,MaxCyclomaticStrict,MaxEssential,MaxEssentialKnots,MaxNesting,MinEssentialKnots,RatioCommentToCode,SumCyclomatic,SumCyclomaticModified,SumCyclomaticStrict,SumEssential
0.205549354,0.96316377,0.688406953,0.011880083,0.161457503,0.101419231,0.605086908,5.166400893,4.196380163,0.371711051,0.357120077,0.241189603,0.592170308,0.540264711,0.035480785,0.016424813,1.97,1.9,2.13,1.2,242.61,31.43,174.4,37.96,"4,131","9,417","9,471","23,882","1,603","24,700","65,099","19,443","74,516","40,480","2,834","7,080","3,066","61,536","388,897","50,389","279,564","83,102","147,442","60,851","11,024,649,407","132,173","184,100","79,029","105,071","49,653","47,867","53,602","30,261","22,227",125,125,289,125,904,8,0,0.22,"49,653","47,867","53,602","30,261"
0.205737052,0.96374502,0.688525896,0.01187251,0.161992032,0.101354582,0.604541833,5.166613546,4.196573705,0.371792829,0.35689243,0.241354582,0.591952191,0.540079681,0.035458167,0.016414343,1.98,1.91,2.13,1.2,243.45,31.51,175.07,38.08,"4,157","9,498","9,507","24,047","1,611","24,867","65,517","19,497","75,015","40,946","2,876","7,173","3,090","61,876","392,201","50,770","282,034","83,790","148,752","61,344","11,027,134,944","133,314","185,642","79,659","105,983","50,013","48,227","53,986","30,468","22,324",125,125,289,125,904,8,0,0.22,"50,013","48,227","53,986","30,468"
0.205615654,0.962853961,0.687798282,0.011851734,0.161867642,0.101336303,0.604517976,5.16131085,4.192411709,0.371460388,0.356506522,0.24093223,0.591314031,0.539452752,0.03547566,0.016385619,1.98,1.91,2.13,1.2,242.82,31.47,174.58,37.97,"4,184","9,537","9,591","24,154","1,626","24,979","65,810","19,583","75,347","41,244","2,892","7,239","3,105","62,111","394,818","51,176","283,871","84,428","149,785","61,732","11,037,301,707","134,355","186,930","80,275","106,655","50,233","48,443","54,208","30,595","22,441",125,125,289,125,904,8,0,0.22,"50,233","48,443","54,208","30,595"
0.205470738,0.963660941,0.688215649,0.012166031,0.161975191,0.101304071,0.604802799,5.160861959,4.19187341,0.371342239,0.356870229,0.240776081,0.591364504,0.53951972,0.035464377,0.016380407,1.98,1.91,2.13,1.2,244.54,31.73,175.94,38.08,"4,194","9,576","9,615","24,236","1,631","25,060","66,023","19,628","75,599","41,430","2,889","7,272","3,117","62,321","398,850","51,751","286,955","84,931","152,297","62,113","11,037,555,996","135,897","188,665","80,699","107,966","50,411","48,619","54,401","30,718","22,514",125,125,289,125,904,8,0,0.22,"50,411","48,619","54,401","30,718"
0.205309594,0.964629203,0.688816469,0.012161195,0.162149273,0.101502265,0.604721405,5.162149273,4.193068913,0.371115174,0.357364279,0.240600906,0.591447421,0.539702726,0.035370797,0.016373897,1.98,1.91,2.13,1.2,245.61,31.8,176.46,38.56,4204,9642,9645,24352,1636,25179,66310,19667,75952,41692,2896,7329,3111,62616,401824,52031,288691,85356,153343,63081,11073294590,136635,189702,81112,108590,50658,48866,54672,30843,22552,125,125,289,125,904,8,0,0.22,50658,48866,54672,30843
0.205546751,0.962123613,0.687083994,0.012202853,0.161727417,0.10110935,0.605309033,5.152852615,4.184548336,0.37044374,0.357686212,0.240174326,0.589857369,0.538272583,0.03526149,0.016323296,1.98,1.91,2.14,1.2,246.59,32,177.12,38.67,"4,215","9,663","9,693","24,443","1,640","25,273","66,568","19,712","76,231","42,034","2,902","7,386","3,120","62,823","404,403","52,480","290,479","85,700","154,448","63,424","11,073,135,075","137,510","190,892","81,499","109,393","50,918","49,126","54,951","30,943","22,578",125,125,289,125,904,8,0,0.22,"50,918","49,126","54,951","30,943"
0.207273007,0.97662797,0.680633505,0.01283924,0.170446683,0.112708542,0.614130853,5.14469132,4.166448835,0.376720228,0.360959483,0.240562774,0.586299685,0.534635196,0.035134927,0.016529561,1.98,1.91,2.14,1.2,246.81,32.04,177.29,38.69,"4,223","9,711","9,714","24,506","1,644","25,336","66,709","19,718","76,420","42,324","2,905","7,425","3,120","62,970","405,760","52,676","291,462","86,016","155,015","63,601","11,073,134,997","138,036","191,539","81,777","109,762","51,035","49,243","55,078","31,027","22,591",125,125,289,125,904,8,0,0.22,"51,035","49,243","55,078","31,027"
0.207257073,0.976552891,0.680581181,0.012838253,0.170433579,0.112699877,0.614160517,5.144603321,4.166359164,0.376768143,0.360931734,0.24054428,0.586254613,0.534594096,0.035132226,0.01652829,1.98,1.91,2.14,1.2,247.07,32.08,177.46,38.73,"4,225","9,714","9,720","24,523","1,644","25,353","66,757","19,733","76,471","42,343","2,905","7,428","3,123","63,015","406,186","52,739","291,748","86,076","155,210","63,680","11,073,134,976","138,200","191,735","81,830","109,905","51,070","49,278","55,116","31,046","22,599",125,125,289,125,904,8,0,0.22,"51,070","49,278","55,116","31,046"
0.207270212,0.976790655,0.680679373,0.012834307,0.170611743,0.112665232,0.613971718,5.143944052,4.166000615,0.376652321,0.360820781,0.240470335,0.586074393,0.534429757,0.035121426,0.016523209,1.98,1.91,2.13,1.2,247.45,32.15,177.78,38.72,"4,238","9,750","9,750","24,634","1,651","25,464","67,054","19,763","76,804","42,775","2,905","7,473","3,132","63,294","408,539","53,086","293,515","86,575","156,346","63,922","11,224,131,700","139,017","192,727","82,264","110,463","51,229","49,437","55,285","31,157","22,604",125,125,289,125,904,8,0,0.22,"51,229","49,437","55,285","31,157"
0.207129687,0.976874616,0.680777505,0.012830363,0.17063614,0.112630608,0.613859865,5.143438844,4.165411801,0.376613399,0.36101721,0.240396435,0.586047941,0.534419176,0.035110633,0.016518132,1.98,1.91,2.13,1.2,247.42,32.14,177.76,38.73,"4,245","9,771","9,801","24,677","1,655","25,507","67,166","19,796","76,937","42,972","2,905","7,515","3,135","63,382","409,481","53,196","294,185","86,756","156,677","64,101","11,224,226,829","139,292","193,109","82,416","110,693","51,330","49,538","55,391","31,210","22,646",125,125,289,125,904,8,0,0.22,"51,330","49,538","55,391","31,210"
0.175093633,1.125780275,0.70411985,0.010611735,0.310237203,0.100811486,0.444132335,5.879525593,4.593632959,0.457865169,0.429775281,0.398252185,0.444756554,0.375156055,0.028401998,0.041198502,1.52,1.45,1.68,1.04,129.51,15.34,77.38,41.74,"2,749","2,660","3,731","8,901","1,231","8,905","24,182","7,262","26,842","19,440","3,731","4,302","1,815","16,994","159,429","18,886","95,252","47,533","50,910","51,384","1,655,118,852","42,035","57,238","33,440","23,798","13,884","13,311","15,371","9,564","3,603",81,81,81,41,424,8,0,0.54,"13,884","13,311","15,371","9,564"
0.174469413,1.127652934,0.70411985,0.010611735,0.312109863,0.100811486,0.444132335,5.881086142,4.593945069,0.457865169,0.43102372,0.398252185,0.444756554,0.375156055,0.028401998,0.041198502,1.57,1.5,1.73,1.06,130.98,15.4,78.86,41.65,"2,762","2,693","3,737","9,036","1,239","9,040","24,554","7,268","27,247","19,607","3,749","4,602","1,821","17,075","162,285","19,078","97,703","47,898","52,292","51,608","1,655,856,322","42,852","58,694","33,803","24,891","14,556","13,925","16,046","9,849","4,189",81,81,81,41,424,8,0,0.53,"14,556","13,925","16,046","9,849"
0.180343214,1.139157566,0.705460218,0.010920437,0.32199688,0.100780031,0.448049922,5.883307332,4.59625585,0.459282371,0.429641186,0.398127925,0.44524181,0.375663027,0.028393136,0.041185647,1.57,1.5,1.73,1.06,130.98,15.4,78.86,41.65,"2,762","2,693","3,737","9,036","1,239","9,040","24,554","7,268","27,247","19,607","3,749","4,602","1,821","17,075","162,285","19,078","97,703","47,898","52,292","51,608","1,655,856,322","42,852","58,694","33,803","24,891","14,556","13,925","16,046","9,849","4,189",81,81,81,41,424,8,0,0.53,"14,556","13,925","16,046","9,849"
0.179918927,1.138758965,0.705020268,0.010913626,0.322107889,0.100717181,0.447770502,5.884627378,4.597131275,0.458995946,0.430620518,0.397879638,0.446211413,0.376676021,0.028375429,0.041159963,1.55,1.48,1.7,1.05,131.12,15.46,78.98,41.55,"2,792","2,861","3,830","9,404","1,268","9,441","25,317","7,301","28,178","20,365","3,808","4,764","1,875","17,731","166,266","19,606","100,142","49,116","53,472","52,680","1,655,856,752","43,988","60,205","34,652","25,553","14,985","14,354","16,510","10,213","4,272",81,81,81,41,424,8,0,0.53,"14,985","14,354","16,510","10,213"
0.179750779,1.145794393,0.704672897,0.010903427,0.329595016,0.100623053,0.447352025,5.882554517,4.594080997,0.458566978,0.432398754,0.397507788,0.445794393,0.376323988,0.02834891,0.041121495,1.54,1.48,1.7,1.05,131.23,15.46,79.21,41.42,"2,823","2,948","3,836","9,524","1,280","9,556","25,588","7,385","28,536","20,978","3,836","4,857","1,878","17,965","167,971","19,788","101,385","49,586","54,206","53,018","1,655,856,926","44,535","60,924","34,971","25,953","15,149","14,519","16,681","10,332","4,302",81,81,81,41,424,8,0,0.52,"15,149","14,519","16,681","10,332"
0.180093313,1.147122862,0.706376361,0.01088647,0.329393468,0.100466563,0.446656299,5.876205288,4.588491446,0.458475894,0.432348367,0.39688958,0.445101089,0.375738725,0.028304821,0.041057543,1.55,1.48,1.7,1.05,131.46,15.49,79.41,41.42,"2,834","2,981","3,851","9,562","1,284","9,593","25,668","7,433","28,649","21,042","3,838","4,872","1,884","18,055","168,800","19,891","101,960","49,772","54,579","53,186","1,655,857,030","44,753","61,221","35,125","26,096","15,223","14,591","16,754","10,370","4,321",81,81,81,41,424,8,0,0.52,"15,223","14,591","16,754","10,370"
0.179471229,1.147122862,0.706687403,0.01088647,0.329082426,0.100466563,0.446656299,5.878382582,4.590046656,0.458475894,0.432970451,0.39688958,0.445101089,0.375738725,0.028304821,0.041057543,1.54,1.48,1.7,1.05,131.59,15.52,79.57,41.55,"2,874","2,984","3,854","9,609","1,289","9,656","25,842","7,490","28,826","21,125","3,871","4,881","1,887","18,187","169,614","20,008","102,563","50,176","54,729","53,554","1,655,860,382","44,925","61,492","35,289","26,203","15,292","14,659","16,823","10,415","4,335",81,81,81,41,424,8,0,0.52,"15,292","14,659","16,823","10,415"
0.179907264,1.153941267,0.711282844,0.011128284,0.33137558,0.10015456,0.4438949,5.871715611,4.581452859,0.455641422,0.436476043,0.398145286,0.443585781,0.374343122,0.02812983,0.041112828,1.56,1.49,1.71,1.06,178.74,15.63,126.99,88.29,"3,216","3,142","4,324","10,539","1,391","10,574","28,235","8,817","31,377","22,110","4,733","5,367","1,902","19,375","248,629","21,741","176,638","53,707","124,707","122,807","1,695,338,373","48,292","66,406","38,023","28,383","16,995","16,205","18,580","11,529","5,488",81,81,81,41,424,8,0,0.7,"16,995","16,205","18,580","11,529"
0.210337616,1.220197192,0.763071407,0.010755901,0.336420675,0.109949208,0.46579026,5.812668061,4.535703615,0.446369883,0.428443382,0.40215118,0.456528234,0.385718554,0.028383627,0.042426053,1.56,1.49,1.7,1.06,178.46,15.67,126.6,87.8,"3,300","3,181","4,441","10,701","1,407","10,725","28,679","9,061","31,860","22,401","4,823","5,454","1,932","19,651","251,092","22,054","178,131","54,415","125,308","123,534","1,695,338,597","48,810","67,186","38,580","28,606","17,199","16,409","18,784","11,702","5,532",81,81,81,41,424,8,0,0.69,"17,199","16,409","18,784","11,702"
0.21239453,1.209775967,0.761710794,0.010474251,0.328775095,0.108815828,0.466977015,5.719813791,4.467267966,0.434390457,0.421297643,0.396857725,0.463776549,0.394239162,0.027640384,0.041897003,1.55,1.48,1.7,1.06,173.15,15.63,121.85,86.33,"3,337","3,106","4,485","10,786","1,432","10,848","29,200","9,138","32,306","22,947","4,861","5,454","1,941","20,050","247,945","22,382","174,494","52,397","120,909","123,628","1,695,338,800","44,075","62,662","36,363","26,299","17,330","16,540","18,919","11,795","5,551",81,81,81,41,424,8,0,0.71,"17,330","16,540","18,919","11,795"
0.124083474,0.944500846,0.656514382,0.01500282,0.177326565,0.095657078,0.025606317,5.637450649,4.367287084,0.417935702,0.584771574,0.267456289,0.695882685,0.669712352,0.014890017,0.011280316,1.73,1.72,1.82,1.07,233.02,34.12,109.55,54.39,"1,251","2,220","8,901","9,435","1,117","9,813","26,886","8,062","29,106","26,394","1,083","4,275","1,413","22,335","260,280","38,108","122,363","38,029","59,922","60,754","9,331,636","60,866","78,976","35,942","43,034","17,151","17,063","18,079","10,617","4,873",51,51,53,38,91,7,0,0.5,"17,151","17,063","18,079","10,617"
0.122007878,1.018078982,0.731542268,0.016765983,0.178971821,0.090798909,0.043328957,5.511261489,4.246742753,0.41036259,0.578325422,0.275830724,0.648419352,0.622159378,0.014745985,0.011513988,1.73,1.72,1.82,1.07,236.55,34.4,112.05,54.35,"1,277","2,241","9,078","9,584","1,135","9,964","27,321","8,152","29,562","26,875","1,095","4,386","1,416","22,665","268,482","39,044","127,176","40,188","61,085","61,685","11,975,485","61,896","80,323","36,571","43,752","17,460","17,368","18,412","10,795","4,978",51,51,53,38,91,7,0,0.49,"17,460","17,368","18,412","10,795"
0.131508423,0.95300536,0.647492343,0.014931087,0.203962481,0.086619449,0.049004594,5.535509188,4.254785605,0.408594946,0.591117917,0.28101072,0.636964012,0.60901608,0.01550536,0.012442573,1.74,1.73,1.84,1.08,239.51,35.1,113.21,54.46,"1,345","2,379","9,444","9,961","1,174","10,340","28,336","8,547","30,715","28,081","1,159","4,521","1,491","23,544","281,185","41,206","132,905","41,911","63,488","63,938","12,203,554","64,226","83,518","38,143","45,375","18,244","18,142","19,240","11,276","5,217",51,51,53,38,91,7,0,0.48,"18,244","18,142","19,240","11,276"
0.130426486,0.953248736,0.647552714,0.014884076,0.203988169,0.086823776,0.049422765,5.546703559,4.259898865,0.411315714,0.594790573,0.280698407,0.636485068,0.608625131,0.01545654,0.012403397,1.76,1.75,1.85,1.08,241.8,35.41,113.82,54.65,"1,354","2,409","9,513","10,157","1,179","10,496","28,552","8,625","30,961","28,277","1,159","4,551","1,491","23,760","285,085","41,744","134,193","42,257","64,038","64,427","12,283,483","64,731","84,822","38,617","46,205","18,695","18,586","19,712","11,491","5,286",51,51,53,38,91,7,0,0.48,"18,695","18,586","19,712","11,491"
0.131790744,0.963874154,0.649533565,0.015182001,0.202030364,0.097128224,0.044814341,5.503841229,4.224163161,0.40186574,0.60023779,0.277574538,0.639930492,0.611212731,0.015456375,0.013261387,1.76,1.75,1.86,1.08,244.22,35.79,114.79,54.99,"1,370","2,433","9,867","10,331","1,194","10,669","29,052","8,822","31,485","28,728","1,170","4,647","1,518","24,150","291,601","42,737","137,064","43,073","65,483","65,664","14,011,273","66,066","86,508","39,368","47,140","19,041","18,928","20,079","11,688","5,376",51,51,53,38,91,7,0,0.48,"19,041","18,928","20,079","11,688"
0.133895668,0.9480796,0.642617312,0.015969208,0.199819835,0.089673245,0.08615183,5.418393252,4.182048972,0.39480796,0.585947097,0.255589223,0.640733765,0.61198919,0.016460568,0.012284006,1.77,1.76,1.87,1.08,214.23,25.04,117.3,57.35,"1,336","2,361","9,591","10,095","1,156","10,396","28,331","8,712","30,692","27,809","1,119","4,542","1,500","23,531","247,651","28,947","135,595","41,809","64,042","66,299","25,182,023","64,259","84,318","38,224","46,094","18,659","18,549","19,697","11,413","5,279",51,51,53,38,91,7,0,0.49,"18,659","18,549","19,697","11,413"
0.244735797,1.062971792,0.782032181,0.015991259,0.198053238,0.066895113,0.226410409,4.973033373,3.8628824,0.374453715,0.523192292,0.212504966,0.531336909,0.500993246,0.021702424,0.00864124,2.16,2.13,2.74,1.17,236.37,27.36,127.4,56.56,"1,563","2,514","10,308","20,029","1,718","20,126","30,911","9,399","33,425","30,117","1,253","4,962","1,815","25,395","406,092","47,010","218,866","46,662","67,994","97,173","2,615,854,087","68,361","148,607","57,499","91,108","44,731","44,155","56,757","24,176","5,101",66,64,134,38,105,12,0,0.44,"44,544","43,968","56,502","24,079"
0.244912107,1.087843526,0.789700421,0.015845506,0.215102748,0.06719485,0.226739292,4.958455063,3.865907403,0.374944293,0.50477841,0.212824957,0.530032186,0.499579104,0.021787571,0.008665511,2.16,2.13,2.74,1.17,237.7,27.28,127.84,56.6,"1,586","2,538","10,461","20,119","1,734","20,218","31,216","9,397","33,754","30,800","1,255","5,016","1,884","25,599","412,174","47,308","221,681","47,166","68,710","98,138","2,638,558,078","68,985","149,248","57,876","91,372","44,892","44,316","56,918","24,313","5,162",66,64,134,38,105,12,0,0.44,"44,705","44,129","56,665","24,216"
0.277202679,1.062672725,0.767857979,0.015504239,0.212047403,0.067263104,0.241884866,5.029228535,3.849454307,0.452199166,0.492388402,0.23518666,0.537776945,0.506627945,0.021921401,0.009227598,2.14,2.11,2.71,1.17,235.83,27.04,127.2,55,"1,526","2,607","10,464","20,486","1,787","20,538","31,763","9,649","34,370","30,686","1,174","5,181","1,920","26,095","421,433","48,316","227,300","48,368","69,606","98,280","2,634,180,598","70,337","150,914","58,771","92,143","45,190","44,607","57,218","24,692","5,096",66,64,134,38,105,12,0,0.43,"45,002","44,419","56,968","24,596"
0.278860847,1.078721926,0.781755036,0.015327622,0.213567956,0.068071313,0.244408428,5.034683955,3.850011577,0.457235471,0.492660338,0.234776569,0.534753415,0.503635101,0.021949525,0.009168789,2.13,2.1,2.69,1.17,259.74,34.38,129.01,55.12,"1,542","2,637","10,536","20,716","1,806","20,767","32,382","9,805","35,019","31,049","1,188","5,271","1,935","26,625","469,096","62,088","232,990","49,322","70,594","99,542","2,634,181,288","71,387","152,304","59,549","92,755","45,521","44,936","57,570","24,963","5,191",66,64,134,38,105,12,0,0.43,"45,334","44,749","57,317","24,866"
0.278817734,0.815763547,0.640394089,0.014778325,0.126108374,0.034482759,0.120197044,3.234482759,2.688669951,0.209852217,0.301477833,0.034482759,0.501477833,0.473891626,0.016748768,0.010837438,1.67,1.65,1.77,1.13,124.75,14.39,70.82,40.24,"1,125","2,493","3,564","5,118",839,"5,483","13,752","4,868","16,245","10,556",973,"1,830",951,"12,491","104,665","12,076","59,419","26,451","29,843","33,763","27,206","32,790","43,024","22,278","20,746","9,225","9,127","9,760","6,242","3,043",29,29,32,19,105,10,0,0.57,"9,225","9,127","9,760","6,242"
0.242587601,0.831985624,0.645103324,0.012578616,0.136567835,0.037735849,0.148247978,3.293800539,2.769991015,0.213836478,0.277628032,0.032345013,0.466307278,0.4393531,0.017070979,0.009883199,1.63,1.61,1.72,1.13,120.26,14.17,68.72,38.06,"1,272","2,706","3,987","5,861",952,"6,235","15,794","5,323","18,500","11,643","1,017","1,968","1,143","14,372","114,492","13,486","65,419","29,712","32,095","36,230","46,699","35,622","46,992","24,860","22,132","10,247","10,136","10,806","7,079","3,234",32,32,33,17,105,10,0,0.55,"10,247","10,136","10,806","7,079"
0.243267504,0.837522442,0.649012567,0.012567325,0.138240575,0.037701975,0.148114901,3.301615799,2.771992819,0.216337522,0.280969479,0.032315978,0.466786355,0.439856373,0.017055655,0.009874327,1.62,1.61,1.71,1.12,120.53,14.2,68.94,38.07,"1,276","2,751","4,044","5,919",956,"6,294","15,925","5,371","18,676","11,713","1,019","1,986","1,149","14,522","115,227","13,574","65,907","30,023","32,305","36,392","46,744","35,903","47,330","25,092","22,238","10,301","10,195","10,868","7,127","3,211",32,32,33,17,105,10,0,0.55,"10,301","10,195","10,868","7,127"
0.241777778,0.843555556,0.652444444,0.012444444,0.139555556,0.039111111,0.146666667,3.290666667,2.758222222,0.216888889,0.282666667,0.032888889,0.497777778,0.470222222,0.016888889,0.010666667,1.61,1.6,1.7,1.12,120.7,14.2,68.8,38.37,"1,286","2,793","4,071","5,958",964,"6,371","16,081","5,392","18,874","11,796","1,112","2,010","1,158","14,594","116,358","13,691","66,327","30,270","32,446","36,987","46,800","36,158","47,650","25,314","22,336","10,353","10,247","10,922","7,168","3,225",32,32,33,17,105,10,0,0.56,"10,353","10,247","10,922","7,168"
0.228235294,0.845490196,0.636078431,0.011764706,0.152941176,0.044705882,0.138039216,3.451764706,2.869803922,0.210196078,0.312941176,0.058823529,0.538039216,0.509803922,0.017254902,0.010980392,1.58,1.55,1.66,1.1,123.12,14.47,70.69,39.13,"1,483","3,222","4,560","7,071","1,089","7,534","19,111","6,253","22,333","14,720","1,447","2,463","1,287","17,136","134,075","15,757","76,977","34,860","37,920","42,618","164,092","41,654","54,883","29,020","25,863","11,953","11,779","12,582","8,373","3,930",34,32,34,24,241,10,0,0.55,"11,953","11,779","12,582","8,373"
0.223786066,0.805770584,0.60661506,0.010555947,0.147079521,0.041520056,0.140042224,3.470091485,2.87825475,0.223786066,0.308233638,0.05981703,0.503166784,0.476425053,0.016889514,0.009852217,1.6,1.57,1.69,1.11,122.69,14.4,70.33,39.14,"1,645","3,432","4,989","7,843","1,216","8,333","21,286","7,035","24,718","16,259","1,553","2,757","1,461","18,947","149,197","17,515","85,524","38,829","42,141","47,594","822,116","46,330","61,147","32,407","28,740","13,403","13,202","14,157","9,290","4,441",51,51,74,25,263,10,0,0.56,"13,403","13,202","14,157","9,290"
0.22394822,0.811003236,0.592880259,0.010355987,0.160517799,0.047249191,0.14368932,3.84789644,3.201294498,0.236893204,0.333333333,0.076375405,0.646601942,0.619417476,0.017475728,0.009708738,1.57,1.54,1.66,1.09,125.64,14.4,72.09,40.69,"1,808","3,804","4,974","8,777","1,324","9,368","23,946","7,715","27,750","16,068","1,914","3,246","1,545","21,045","166,348","19,063","95,453","43,271","47,133","53,868","162,491","51,268","67,594","35,685","31,909","14,780","14,564","15,609","10,323","4,705",51,51,74,25,263,10,0,0.56,"14,780","14,564","15,609","10,323"
0.19361483,0.7507724,0.564881565,0.008753862,0.134912461,0.042224511,0.140061792,3.657569516,3.086508754,0.195159629,0.301750772,0.07415036,0.538619979,0.514418126,0.014933059,0.009268795,1.56,1.54,1.64,1.1,127.67,14.71,74.16,40.27,"2,038","4,131","5,439","10,051","1,460","10,679","27,543","8,740","31,674","18,544","2,118","3,624","1,638","24,294","186,398","21,480","108,275","48,727","53,562","58,798","182,896","58,231","76,648","40,066","36,582","16,741","16,514","17,643","11,798","5,149",51,51,74,25,263,10,0,0.54,"16,741","16,514","17,643","11,798"
0.202800579,0.729116369,0.550458716,0.009174312,0.13085466,0.038628682,0.145340415,3.690487687,3.122163206,0.196523419,0.302269435,0.069531627,0.515692902,0.492998551,0.013520039,0.009174312,1.55,1.53,1.63,1.1,128.8,14.82,75.31,40.13,"2,170","4,275","5,652","10,715","1,524","11,361","29,437","9,550","33,712","19,804","2,176","3,831","1,755","25,950","196,293","22,584","114,772","52,192","56,104","61,156","185,728","61,322","80,800","42,691","38,109","17,699","17,460","18,643","12,521","5,255",51,51,74,23,263,10,0,0.53,"17,699","17,460","18,643","12,521"
0.215934812,0.678587596,0.492530557,0.010411951,0.137166139,0.03847895,0.162516976,3.701222273,3.150294251,0.184246265,0.301041195,0.065640561,0.50701675,0.487098234,0.011317338,0.008601177,1.55,1.53,1.63,1.09,134.02,15.28,80.12,39.68,"2,551","4,587","5,904","11,836","1,580","12,525","32,602","11,922","37,189","21,243","2,332","4,161","1,782","28,914","211,755","24,137","126,590","57,475","62,265","62,699","190,555","67,041","88,601","46,755","41,846","19,484","19,243","20,545","13,748","5,533",51,51,74,23,263,10,0,0.5,"19,484","19,243","20,545","13,748"
0.004548408,0.523716699,0.50617284,0,0.005198181,0.012345679,0.072774529,4.024691358,3.380766732,0.235217674,0.023391813,0.38531514,0.148148148,0.125406108,0.004548408,0.018193632,1.37,1.37,1.4,1.13,247.99,39.99,165.44,42.97,"9,399","2,925","2,103","26,778","1,447","26,929","77,934","15,495","80,859","259,281","5,124",846,"1,752","73,137","358,846","57,869","239,388","82,305","138,419","62,173","11,218,504","110,638","150,236","67,533","82,703","37,104","37,080","37,750","30,447","9,420",40,40,49,31,96,10,0,0.26,"37,104","37,080","37,750","30,447"
0.004545455,0.524025974,0.506493506,0,0.005194805,0.012337662,0.073376623,4.031818182,3.385714286,0.236363636,0.023376623,0.386363636,0.151298701,0.128571429,0.004545455,0.018181818,1.37,1.37,1.4,1.13,248.48,40.03,165.89,42.97,"9,454","2,928","2,106","26,899","1,450","27,055","78,304","15,534","81,232","259,659","5,146",846,"1,758","73,482","360,298","58,044","240,538","82,609","139,162","62,300","11,218,700","111,072","150,859","67,815","83,044","37,281","37,257","37,937","30,583","9,455",40,40,49,31,96,10,0,0.26,"37,281","37,257","37,937","30,583"
0.004545455,0.524025974,0.506493506,0,0.005194805,0.012337662,0.073376623,4.038311688,3.391558442,0.236363636,0.023376623,0.387012987,0.152597403,0.12987013,0.004545455,0.018181818,1.37,1.37,1.4,1.13,248.77,40.11,166.14,42.92,"9,476","2,934","2,097","26,981","1,451","27,139","78,548","15,543","81,482","259,835","5,162",846,"1,761","73,713","360,961","58,198","241,073","82,776","139,507","62,274","11,218,470","111,313","151,187","67,979","83,208","37,373","37,349","38,034","30,670","9,466",40,40,49,31,96,10,0,0.26,"37,373","37,349","38,034","30,670"
0.004545455,0.524025974,0.506493506,0,0.005194805,0.012337662,0.073376623,4.038961039,3.392207792,0.236363636,0.023376623,0.387012987,0.152597403,0.12987013,0.004545455,0.018181818,1.37,1.37,1.4,1.13,248.86,40.13,166.23,42.91,"9,495","2,934","2,097","27,017","1,452","27,175","78,656","15,543","81,590","260,049","5,162",846,"1,761","73,821","361,351","58,270","241,359","82,863","139,694","62,306","11,218,514","111,431","151,346","68,060","83,286","37,413","37,389","38,074","30,706","9,467",40,40,49,31,96,10,0,0.26,"37,413","37,389","38,074","30,706"
0.004536617,0.523007129,0.505508749,0,0.005184705,0.012313675,0.07323396,4.044069994,3.398574206,0.236552171,0.023331173,0.385612443,0.152948801,0.130265716,0.004536617,0.018146468,1.37,1.37,1.4,1.13,248.43,40.07,165.97,42.78,"9,516","2,934","2,109","27,091","1,458","27,250","78,880","15,555","81,814","260,502","5,167",846,"1,764","74,037","362,208","58,422","241,987","83,130","140,016","62,380","11,218,591","111,688","151,708","68,260","83,448","37,508","37,484","38,171","30,776","9,473",40,40,49,31,96,10,0,0.26,"37,508","37,484","38,171","30,776"
0.004524887,0.521654816,0.504201681,0,0.005171299,0.012281836,0.073044602,4.043956044,3.398836458,0.237233355,0.023270847,0.384615385,0.152553329,0.129928895,0.004524887,0.018099548,1.37,1.37,1.4,1.13,248.26,40.05,165.83,42.78,"9,533","2,934","2,109","27,142","1,462","27,301","79,033","15,576","81,967","262,392","5,173",846,"1,800","74,148","362,957","58,553","242,438","83,323","140,266","62,547","11,218,648","111,919","151,992","68,404","83,588","37,566","37,542","38,229","30,827","9,473",40,40,49,31,96,10,0,0.26,"37,566","37,542","38,229","30,827"
0.004533679,0.522668394,0.505181347,0,0.005181347,0.012305699,0.073186528,4.061528497,3.412564767,0.238341969,0.023316062,0.387305699,0.152849741,0.130181347,0.004533679,0.018134715,1.37,1.37,1.4,1.13,248.33,40.09,165.91,42.72,"9,573","2,937","2,133","27,254","1,467","27,413","79,366","15,477","82,303","267,044","5,197",855,"1,827","74,424","364,294","58,810","243,394","83,646","140,817","62,670","11,218,770","112,328","152,558","68,676","83,882","37,717","37,693","38,387","30,948","9,493",40,40,49,31,96,10,0,0.26,"37,717","37,693","38,387","30,948"
0.004516129,0.520645161,0.503225806,0,0.00516129,0.012258065,0.072903226,4.049677419,3.403225806,0.237419355,0.023225806,0.385806452,0.156129032,0.133548387,0.004516129,0.018064516,1.37,1.37,1.4,1.12,248.26,40.06,165.84,42.76,"9,628","2,952","2,139","27,357","1,473","27,522","79,672","15,480","82,624","267,824","5,209",870,"1,827","74,718","365,693","59,003","244,286","83,970","141,322","62,984","11,218,926","112,685","153,060","68,928","84,132","37,850","37,826","38,523","31,056","9,509",40,40,49,31,96,10,0,0.26,"37,850","37,826","38,523","31,056"
0.004504505,0.519305019,0.501930502,0,0.005148005,0.012226512,0.074002574,4.045045045,3.400900901,0.236808237,0.023166023,0.384169884,0.157657658,0.135135135,0.004504505,0.018018018,1.37,1.37,1.39,1.12,247.86,39.94,165.46,42.86,"9,681","2,952","2,148","27,458","1,481","27,627","79,984","15,507","82,936","268,643","5,227",873,"1,848","74,988","367,082","59,149","245,044","84,260","141,703","63,470","17,942,295","113,004","153,518","69,183","84,335","37,980","37,956","38,653","31,146","9,526",41,41,51,31,96,10,0,0.26,"37,980","37,956","38,653","31,146"
0.004504505,0.523166023,0.505791506,0,0.005148005,0.012226512,0.072715573,4.051480051,3.406048906,0.236808237,0.023166023,0.385456885,0.157657658,0.135135135,0.004504505,0.018018018,1.37,1.37,1.39,1.12,249.48,40.09,166.06,43.72,"9,716","2,970","2,166","27,554","1,482","27,723","80,254","15,543","83,224","271,944","5,233",873,"1,866","75,252","369,736","59,413","246,107","84,570","142,447","64,797","18,286,959","113,468","154,106","69,414","84,692","38,101","38,077","38,778","31,258","9,567",41,41,51,31,96,10,0,0.26,"38,101","38,077","38,778","31,258"