Number of Methods,depthOfInheritanceTree,Coupling between Object Classes,Response for a Class,Number of Public Methods,Lack of Cohesion in Methods 3,Measure of Agregation,Cohesion Among Methods,Inheritance Coupling,Average Method Complexity,Average CC,Max CC,Min CC,Class Complexity CKJM
0.69897,1,0.30103,20,3,0.314394,0,0.5333,0,35.6,5.2,11,0,1.322219
0.477121,1,0,11,2,0.477121,0,0.4167,0,36.6667,5.333333,9,0,0
0.60206,1,0.90309,11,3,0.477121,0,0.375,0,13.75,7.75,14,0,1.70757
0.845098,1,0.60206,19,1,0.234087,0,0.6111,0,238,23.714286,156,0,1.184286
1.30103,1,1.079181,75,2,0.246302,0,0.2211,0,72.45,5.2,17,0,1.322219
0.69897,1,0.69897,27,3,0.210853,0,0.5,0,107.6,8,16,0,1.612784
0.30103,0,0.60206,12,2,0,0,0.5833,0,48,6.5,12,0,1.70757
0.30103,1,0.30103,15,2,0.30103,0,0.75,0,59.5,6,11,0,1.70757
0.30103,1,0.477121,21,2,0.221857,0,0.6667,0,77.5,7.5,13,0.30103,1.70757
0.60206,1,0.90309,32,2,0.199563,0,0.4444,0,62.25,5.25,9,0,0
0.30103,0,0.778151,21,2,0,0,0.75,0,65.5,5,8,0.30103,0
0.30103,0,0.778151,24,2,0,0,0.6667,0,91.5,5,8,0.30103,0
0.60206,1,0.60206,18,1,0.477121,0,0.4167,0,89.25,6,18,0,1.414973
0.30103,0,0.778151,23,2,0,0,0.75,0,82,7,12,0.30103,1.70757
0.477121,1,0.778151,21,3,0.079181,0,0.5556,0,69.3333,5.666667,11,0.30103,1.535716
0.90309,0,1.230449,114,3,0.196287,0,0.3409,0,177.875,7,21,0,1.130334
1.322219,1,1.623249,247,4,0.278754,0,0.1321,0,204.7619,6.190476,89,0,1.022173
1.255273,0,1.255273,149,3,0.27809,0,0.2275,0,139.3889,9.222222,77,0,1.459057
1.342423,0,1.255273,158,3,0.277655,0,0.2015,0,131.7273,6.545455,37,0,1.165433
0,5,0.477121,14,1,0.477121,0,1,0,66,5,5,0.69897,0
0.30103,1,0.69897,16,2,0.477121,0,0.5,0,84,5.5,10,0,0
0.778151,0,0.30103,40,4,0.146128,0,0.45,0,179.3333,9.333333,45,0,1.247155
1.30103,1,0.30103,39,16,0.477121,0,0.21,0,52.9,5.9,28,0,1.041393
0.845098,1,0.30103,37,6,0.335799,0,0.3214,0,64.4286,5,18,0,1.184286
0.60206,1,1.447158,43,3,0.124928,0,0.3333,0,181.25,10.5,37,0,1.414973
0.30103,0,0.954243,16,2,0.477121,0,0.6667,0,37,5,9,0,0
0.845098,1,0,23,7,0.477121,0,0.2857,0,77.7143,5,10,0,0
1.633468,1,1.431364,234,27,0.28558,0,0.119,0,108.6977,6.651163,167,0,0.752138
0.954243,1,1.414973,90,7,0.243038,0,0.25,0,76.5556,5.444444,19,0,1.083184
0.477121,0,1,36,2,0.477121,0,0.5,0,104,7,18,0,1.535716
0.477121,1,1,20,3,0.176091,0,0.5,0,32,5,10,0,0
1,1,1.230449,44,8,0.324509,0,0.42,0,65,6.1,18,0,1.491362
0.60206,1,0.30103,20,3,0.221857,0,0.3333,0,115.25,7.25,17,0,1.414973
1.361728,0,1.462398,141,9,0.28713,0,0.2087,0,58.4348,5.826087,46,0,1.264613
0.60206,1,0.778151,32,4,0.241447,0,0.5625,0,59,9.5,33,0,1.414973
0.778151,0,1.431364,75,6,0.146128,0,0.25,0,56.5,5.833333,26,0,1.247155
0.30103,2,1.146128,50,2,0,0,0.6667,0,101,5,9,0,0
0.954243,1,0.60206,39,8,0.161368,0,0.1667,0,55.4444,7.111111,22,0,1.365904
0.477121,1,0,12,3,0.352183,0,0.3333,0,80.6667,28,82,0,1.535716
0.30103,1,1.176091,15,1,0.477121,0,0.5,0,55,5.5,10,0,0
0.30103,1,0.69897,12,2,0.477121,0,0.75,0,36,5.5,10,0,0
0.30103,1,0.69897,13,2,0.477121,0,0.75,0,36,5.5,10,0,0
0.30103,0,1.041393,11,2,0.477121,0,0.75,0,41.5,5.5,10,0,0
1.518514,0,1.278754,133,9,0.148078,0,0.2803,0,111.0303,6.090909,33,0,1.402131
1.041393,1,1,36,4,0.230449,0,0.2841,0,94.1818,5,16,0,1.28289
1.230449,0,1.361728,98,4,0.25193,0,0.25,0,171,5.058824,22,0,1.27061
0.69897,0,1,35,5,0.210853,0,0.5,0,51.4,5.2,22,0,1.322219
1.414973,0,1.278754,113,9,0.120574,0,0.2527,0,86.3462,5.230769,19,0,1.098244
1.322219,1,0.778151,41,18,0.20412,0,0.2,0,82.7143,5,14,0,1.022173
1.342423,1,0.477121,38,21,0.303088,0,0.2571,0,114.1364,5.727273,23,0,1.165433
1.041393,1,0.69897,24,6,0.238046,0,0.3939,0,370.8182,14.090909,74,0,1.667028
0.845098,1,0.69897,19,7,0.185627,0,0.6429,0,85.5714,5.714286,11,0,1.184286
1.041393,1,0.90309,39,8,0.238247,0,0.4667,0,307.3636,16.181818,101,0,1.28289
1.041393,1,0.845098,52,8,0.170262,0,0.36,0,117.3636,5.181818,30,0,1.00393
1.255273,0,1.146128,98,11,0.250469,0,0.1912,0,154.1667,6.333333,59,0,1.083184
1.633468,1,1.079181,96,15,0.270935,0,0.2116,0,107.9535,5.651163,26,0,1.174743
1.146128,1,0,32,13,0.132196,0,0.4048,0,34.0714,5.071429,23,0,1.184286
1.146128,1,0.778151,57,2,0.252902,0,0.3143,0,101.0714,8.357143,44,0,1.184286
1.447158,0,1.255273,142,15,0.267453,0,0.15,0,182.1429,7.107143,23,0,1.414973
0.477121,1,0.30103,19,2,0.30103,0,0.5,0,75.3333,6,15,0,1.535716
0.30103,1,0.477121,5,2,0.477121,0,0.5,0,31,6.5,12,0,1.70757
0.477121,1,1.612784,4,2,0.176091,0,0.5,0,88.3333,13.333333,38,0,1.535716
0.30103,1,0.845098,20,2,0,0,0.625,0,69.5,5,5,0.69897,0
0.30103,1,0.60206,22,2,0.477121,0,0.5,0,202.5,12.5,24,0,1.70757
0.69897,0,1.322219,45,2,0.243038,0,0.5,0,50.8,5.4,12,0,1.612784
0.477121,0,1.30103,27,1,0.176091,0,0.75,0,44,5,13,0,1.535716
0.30103,0,1.176091,22,1,0.477121,0,0.75,0,61.5,6.5,12,0,1.70757
0.477121,0,1.278754,33,1,0.176091,0,0.75,0,65.6667,6.666667,18,0,1.535716
1,1,0.778151,38,5,0.247409,0,0.3492,0,39.8,5.4,13,0,1.041393
1.041393,1,0.778151,45,7,0.176091,0,0.34,0,45.3636,5.545455,19,0,1.28289
0.477121,1,0,5,3,0.39794,0,0.3333,0,38.6667,7.666667,11,0,1.830375
0.778151,1,0.69897,62,6,0.079181,0,0.4444,0,197.1667,5.166667,26,0,1.247155
0.954243,0,1,36,1,0.309992,0,0.4688,0,49.2222,6.111111,29,0,1.083184
0.477121,1,1.146128,43,2,0.176091,0,0.5,0,79.3333,7.333333,20,0,1.535716
0.69897,0,1.113943,32,2,0.09691,0,0.4375,0,73.8,5,13,0,1.322219
0.69897,1,1.041393,40,3,0.224947,0,0.625,0,68.2,5.2,13,0,1.322219
0.477121,1,0.69897,22,2,0.243038,0,0.75,0,401.3333,6.333333,17,0,1.535716
0.477121,0,1.612784,20,1,0.477121,0,0.6667,0,45,5.333333,14,0,1.535716
0.30103,1,0.477121,19,2,0.477121,0,0.5,0,36.5,5.5,10,0,0
0.60206,1,0.778151,26,3,0.364457,0,0.4444,0,88.5,9.75,19,0,1.70757
0.69897,1,0.69897,34,4,0.477121,0,0.28,0,62.6,10.8,18,0,1.78533
0.778151,1,0.69897,77,6,0.079181,0,0.4444,0,264.1667,6.833333,36,0,1.247155
0.69897,1,0.90309,20,5,0.477121,0,0.3333,0,35.4,6.2,21,0,1.322219
0.477121,2,0,15,3,0.39794,0,0.5,0,78.3333,5.333333,14,0,1.535716
0.30103,1,0.30103,7,2,0.268835,0,0.6,0,46.5,6,11,0,1.70757
0.778151,1,0.30103,27,4,0.30103,1,0.5833,0,71.5,5.833333,10,0,0
0.477121,1,0.778151,24,2,0.357516,0,0.6667,0,54.6667,5.333333,14,0,1.535716
0.69897,5,0.69897,43,5,0.210853,0,0.44,0,55.8,5.6,24,0,1.322219
0.477121,2,0,15,3,0.39794,0,0.5,0,78.3333,5.333333,14,0,1.535716
0.477121,0,1.20412,63,2,0.176091,0,0.6667,0,287.6667,20.333333,59,0,1.535716
0.477121,0,1.176091,69,2,0.176091,0,0.6667,0,127.3333,10.666667,30,0,1.535716
0.69897,0,1.230449,62,2,0.210853,0,0.375,0,94.2,5.8,13,0,1.322219
0.477121,0,1.230449,61,2,0.176091,0,0.6667,0,112,9.333333,26,0,1.535716
0.60206,0,1.176091,64,2,0.176091,0,0.5,0,98.5,8.25,26,0,1.414973
0.60206,0,1.20412,67,2,0.176091,0,0.5,0,93.75,7,22,0,1.414973
0.30103,1,0.477121,11,2,0.30103,0,0.625,0,78,5,9,0,0
0.477121,0,1.230449,72,2,0.176091,0,0.6667,0,128.6667,10.666667,30,0,1.535716
0.477121,0,1.146128,55,2,0.176091,0,0.6667,0,99.6667,10,28,0,1.535716
1.176091,1,1.568202,117,11,0.258996,0,0.2321,0,107,7.2,37,0,1.156347
0.90309,6,1.278754,121,3,0.240075,0,0.3,0,114.125,5.5,26,0,1.130334
0.90309,6,1.255273,124,3,0.234087,0,0.3,0,130.625,6.5,25,0,1.130334
0.30103,1,0,10,2,0,0,1,0,61,5.5,10,0,0
0.954243,1,0.477121,19,7,0.243038,0,0.6667,0,80,10.222222,37,0,1.535716
1.079181,1,0.845098,61,3,0.254185,0,0.2917,0,80.3333,8.416667,29,0,1.414973
1.633468,1,0.778151,64,7,0.261168,0,0.3175,0,141.093,8.976744,112,0,1.461003
0.69897,3,0.30103,21,4,0.190332,0,0.4,1,75.4,5.4,14,0,1.322219
0.60206,1,0.477121,13,4,0.21672,0,0.3571,0,56.25,6.5,23,0,1.414973
0.30103,1,0.30103,5,2,0.263234,0,0.75,0,232,34.5,68,0,1.70757
1.447158,1,1,111,2,0.255273,0,0.1717,0,132.5357,6.785714,33,0,1.275476
0.60206,1,0.954243,49,2,0.477121,0,0.25,0,115,9.75,36,0,1.414973
0.477121,1,0,5,3,0.39794,0,0.3333,0,37.6667,5.666667,14,0,1.535716
0.30103,5,1.079181,31,2,0.243038,1,0.6,1,191,5,9,0,0
0.845098,0,0.778151,37,6,0.477121,0,0.4048,0,89.8571,5.714286,10,0,0
0.30103,1,0.778151,12,1,0.477121,0,0.6667,0,82.5,16,31,0,1.70757
0.60206,1,0.845098,72,4,0.205773,0,0.4063,0,253,5,14,0,1.414973
0.30103,1,0.954243,37,2,0.477121,0,0.75,0,114.5,5.5,10,0,0
0.477121,1,0.477121,39,3,0.477121,0,0.6667,0,229.6667,10.666667,16,0,1.830375
0.30103,1,0,11,2,0.477121,0,0.5,0,54,6,11,0,1.70757
1.755875,1,0.69897,73,7,0.222248,0,0.4179,0,129.4737,11.912281,99,0,1.123221
0.69897,3,0.30103,20,3,0.290035,0,0.44,0,74.2,5.2,14,0,1.322219
0.30103,1,0,20,2,0.477121,0,0.5,0,62.5,5,9,0,0
1.20412,5,1.146128,106,2,0.286299,0,0.2109,0,133.5,6.6875,25,0,1.414973
0.954243,0,1.113943,57,2,0.243038,0,0.3333,0,165.4444,8.333333,24,0,1.535716
0.477121,1,0.60206,21,3,0.148942,0,0.5556,0,108.3333,5.333333,8,0,0
0.60206,1,0.60206,30,2,0.252343,0,0.5,0,134.25,6.5,14,0,1.414973
0,5,0.69897,17,1,0.477121,0,1,0,104,7,7,0.845098,0
0.778151,1,0,12,2,0.477121,0,0.375,0,42,7.333333,19,0,1.535716
0.845098,1,0.90309,63,7,0.151278,0,0.4048,0,97.8571,5.428571,30,0,1.184286
1.447158,1,0,83,4,0.269349,0,0.1593,0,75.3571,5.392857,55,0,0.910777
0.845098,1,0.30103,46,6,0.335799,0,0.2245,0,99.7143,9,25,0,1.470872
1.146128,1,1.380211,144,13,0.228477,0,0.1131,0,42.2143,5,18,0,0.910777
1.146128,1,1.531479,132,13,0.228477,0,0.1131,0,45.0714,5,20,0,0.910777
0.30103,1,0.778151,20,2,0.477121,0,0.6667,0,70.5,5.5,10,0,0
0.30103,1,0.69897,15,2,0.477121,0,0.6667,0,60,7,13,0,1.70757
0.90309,1,0.90309,44,5,0.24704,0,0.3265,0,44,5.25,12,0,1.414973
0.30103,1,0,22,2,0.477121,0,0.5,0,125.5,5.5,10,0,0
0.477121,1,0.845098,36,2,0.247777,0,0.6667,0,144.3333,5.333333,10,0,0
1,1,0.90309,35,2,0.280965,0,0.4444,0,54.1,5.8,14,0,1.322219
1.255273,1,0.30103,31,2,0.24403,0,0.5294,0,103.7222,11.333333,36,0,1.600852
1.176091,1,1.146128,117,13,0.196287,0,0.2533,0,80,6.4,50,0,0.884607
0.778151,1,0.477121,72,6,0.123394,0,0.4583,0,212.8333,5.166667,20,0,1.247155
0.845098,1,0.69897,62,7,0.176091,0,0.4643,0,160.5714,5.857143,26,0,1.184286
0.477121,1,0.778151,58,2,0.066959,0,0.4667,0,79.6667,5.333333,8,0,0
1.579784,1,0.69897,89,5,0.221179,0,0.273,0,183.6842,10.394737,40,0,1.607173
0.477121,1,0.30103,10,2,0.477121,0,0.3333,0,92.3333,8.666667,24,0,1.535716
1.447158,1,1.113943,106,19,0.264487,0,0.1964,0,143.1786,8.678571,171,0,0.910777
0.778151,1,0.90309,18,3,0.220108,1,0.2917,0,61.5,5.666667,17,0,1.247155
1.20412,1,0.69897,33,0,0.298831,0,0.3083,0,102.75,6.5625,25,0,1.295567
1.633468,1,1.146128,93,24,0.282781,1,0.1566,0,123.0233,8.813953,46,0,1.494608
0.69897,1,0.845098,51,2,0.282554,0,0.25,0,108,6.8,29,0,1.322219
1.176091,1,1.113943,130,15,0.477121,0,0.4444,0,103.6,5.866667,23,0,1.535716
1.20412,1,1.146128,122,15,0.286299,0,0.4444,0,107.625,5.375,16,0,1.414973
0.477121,2,0.954243,19,3,0,0,0.5556,0,40,5.333333,11,0,1.535716
1,3,1.113943,56,6,0.254379,0,0.3167,1,56.2,5.4,16,0,1.491362
0.845098,0,0.69897,21,7,0.207122,0,0.3095,0,29.4286,5.142857,27,0,1.184286
0.954243,0,0.845098,20,6,0.243038,0,0.5556,0,94.1111,7.666667,61,0,1.083184
0.778151,1,1.20412,65,3,0.176091,0,0.4,0,65.3333,5,17,0,1.247155
0.30103,1,0,22,2,0.477121,0,0.5,0,85.5,6.5,12,0,1.70757
0.30103,1,0,21,2,0.477121,0,0.5,0,94,8,15,0,1.70757
0.30103,1,0.30103,21,2,0.477121,0,0.5,0,90.5,6.5,12,0,1.70757
0.30103,1,0,21,2,0.477121,0,0.5,0,92.5,8,15,0,1.70757
0.30103,1,0,24,2,0.477121,0,0.5,0,95,7,13,0,1.70757
0.30103,6,0.845098,27,2,0.124928,0,0.6,1,82.5,5,9,0,0
1.176091,1,1.934498,257,14,0.196287,0,0.3286,0,320.6,25.8,147,0,1.678215
0.845098,0,1.612784,105,6,0.477121,0,0.6571,0,185.4286,14.714286,68,0,1.470872
0.845098,1,1.30103,74,2,0.207122,0,0.3333,0,175.8571,8.714286,32,0,1.470872
0.30103,1,0.69897,12,1,0.477121,0,0.5,0,136,9.5,18,0,1.70757
1.278754,1,0.69897,71,3,0.219768,0,0.3789,0,119.7895,8.315789,31,0,1.34346
0.30103,0,0.954243,52,1,0.433658,0,0.6667,0,172,10.5,20,0,1.70757
0.845098,1,0.60206,28,4,0.257126,0,0.3095,0,97.7143,8,47,0,1.184286
0.30103,0,0.845098,64,2,0.477121,0,1,0,239.5,7.5,14,0,1.70757
1.447158,1,1.113943,105,19,0.264487,0,0.1964,0,140.25,8.357143,164,0,0.910777
0.778151,1,0.90309,18,3,0.220108,1,0.2917,0,61.5,5.666667,17,0,1.247155
1.20412,1,0.778151,33,0,0.298307,0,0.3083,0,98.875,6.0625,19,0,1.295567
1.643453,1,1.146128,91,24,0.283211,1,0.1545,0,121.2045,8.75,46,0,1.484947
0.845098,1,0,35,0,0.277357,1,0.5,0,129.2857,7.857143,30,0,1.470872
0.477121,1,0.30103,10,2,0.382287,0,0.5,0,48.6667,7.333333,17,0,1.535716
0.30103,1,0.778151,27,2,0.477121,0,0.6667,0,60,11,21,0,1.70757
0.30103,1,0.954243,26,2,0.477121,0,0.6667,0,97.5,13,25,0,1.70757
1.079181,1,0.477121,44,5,0.193292,0,0.6389,0,118.8333,5.166667,21,0,0.970037
0,1,0,17,1,0.477121,0,1,0,142,7,7,0.845098,0
0.477121,1,0.778151,24,2,0.39794,0,0.6667,0,136,7.666667,21,0,1.535716
0.30103,1,0.30103,16,2,0.477121,0,0.75,0,32,5,9,0,0
0.778151,1,0.30103,29,3,0.342423,0,0.4583,0,73.6667,6.333333,24,0,1.247155
0.477121,4,1.041393,40,2,0.39794,0,0.4667,0,109,9.666667,26,0,1.535716
1.342423,0,0.90309,65,19,0.14392,0,0.2818,0,59.5909,5.090909,30,0,1.165433
0,1,1,34,1,0.477121,0,1,0,236,18,18,1.255273,2.004321
0.778151,1,0.60206,27,6,0.146128,0,0.4583,0,61.6667,5.333333,11,0,1.535716
0.30103,0,0.845098,24,2,0.477121,0,0.625,0,92,5,9,0,0
0.30103,0,0.69897,19,2,0.477121,0,0.625,0,61.5,5,9,0,0
0.60206,1,0.30103,15,4,0.196287,0,0.6667,0,143.25,5.75,11,0,1.414973
0.845098,1,0.60206,18,3,0.238422,0,0.4167,0,1387.2857,9.285714,22,0,1.64204
0.60206,1,0.60206,19,4,0.221857,0,0.45,0,174.75,5,9,0,0
0.845098,1,0.60206,19,6,0.257559,0,0.4524,0,144.8571,7.714286,19,0,1.470872
0.30103,1,0.30103,9,2,0.477121,0,0.6667,0,108.5,9.5,18,0,1.70757
0.477121,0,0.845098,15,1,0.243038,0,0.6667,0,156.6667,12,34,0,1.535716
0.30103,2,0.778151,24,2,0.221857,0,0.6,0,153,8.5,16,0,1.70757
0.30103,2,0.69897,20,2,0.221857,0,0.6,0,88.5,5,9,0,0
0.954243,1,0.30103,39,9,0,0,0.3556,0,126.6667,7.777778,21,0,1.083184
0.954243,1,0.60206,27,9,0.235225,0,0.4815,0,61.5556,5,20,0,1.365904
1.30103,1,0.60206,69,17,0.26818,0,0.3083,0,160.25,7.6,129,0,0.778151
0.954243,1,1,61,8,0.273001,0,0.3519,0,206.7778,10.222222,40,0,1.657481
0.90309,1,1,51,7,0.268835,0,0.475,0,205.75,7.375,17,0,1.585461
0.69897,1,1.041393,44,5,0.477121,0,0.3667,0,91,5.6,16,0,1.322219
0.60206,1,1.491362,112,3,0.221857,0,0.6667,0,215.75,10.25,37,0,1.414973
0.954243,0,1.079181,64,9,0.477121,0,0.6296,0,518.6667,33.555556,72,0,1.830375
0.778151,0,0.845098,43,6,0.477121,0,0.6111,0,68.1667,5.5,10,0,0
0.477121,6,0.60206,54,3,0.243038,0,0.4667,0,130,5.333333,13,0,1.535716
0.954243,1,0.845098,55,9,0.262,0,0.4,0,104.7778,5.666667,21,0,1.083184
0.69897,1,0.954243,66,4,0.232564,0,0.5,0,143.8,6.6,17,0,1.322219
0.778151,5,0.90309,71,4,0.220762,0,0.4667,0,132.3333,5.5,11,0,1.535716
0.778151,0.40744,1.390406,44.692107,3.867781,0.176109,0,0.365413,0,64.861683,6.290315,25.681321,0,1.247155
1.284834,0.659893,1.242652,87.032141,5.816915,0.263223,0,0.250293,0,163.002167,5.419728,73.544928,0,0.986412
1.017508,0.809798,0.903319,56.088163,8.48626,0.354702,0,0.487911,0,486.053264,23.244952,73.454644,0,1.494904
0.851598,0.344826,0.693098,71.58823,3.968646,0.430566,0,0.384163,0,188.538808,8.748638,22.002038,0,1.310118
0.30103,1,0.802246,25.652235,1.494619,0.477121,0,0.686898,0,86.014914,10.552738,19.938754,0,0.951908
0.67219,1,0.312067,30.571051,2.836315,0.455151,0,0.747445,0,106.007573,6.233631,19.898619,0,0.635416
0.452536,1,0.752988,11.018774,1.345684,0.449408,0,0.510577,0,58.275667,11.890192,20.625889,0,1.646112
0.778151,0.150359,0.700968,56.537094,3.87628,0.170382,0,0.370141,0,69.009489,5.968421,25.773489,0,1.247155
1.279917,0.915748,1.025845,76.578487,9.243071,0.25245,0,0.276071,0,162.418403,5.065431,53.134775,0,1.198736
0.557524,0.315423,1.076124,51.82277,6.41606,0.477121,0,0.711005,0,218.221453,7.489066,35.426601,0,1.628137
0.778151,0.061262,1.404898,62.835396,4.490588,0.149832,0,0.316567,0,62.593214,5.956799,25.963908,0,1.247155
1.272355,0.435458,1.343063,93.851933,4.253937,0.259778,0,0.250001,0,165.049736,5.11008,46.830651,0,1.106599
1.108112,0.935311,0.903531,71.831241,6.938454,0.250423,0,0.438522,0,185.283536,11.806589,74.922079,0,1.168079
0.452972,0.551483,0.658871,41.458663,6.346828,0.477121,0,0.597769,0,209.467944,9.97381,35.414955,0,1.635319
0.341299,1,0.774708,11.464163,1.170982,0.476695,0,0.628844,0,79.839174,13.867886,25.535686,0,1.680373
0.589762,1,0.322918,31.833577,2.699423,0.473538,0,0.749978,0,112.733762,6.145857,16.998762,0,0.32374
0.519149,1,0.30103,19.678354,2.654316,0.354072,0,0.497354,0,55.766929,6.807542,18.812945,0,1.350349
0.581485,1,0.460943,18.235854,2.516785,0.436189,0,0.480425,0,69.491216,10.388862,21.008026,0,1.429758
1.296185,0.971345,0.959418,73.712288,10.3272,0.263382,0,0.276233,0,160.805145,5.425397,89.681201,0,0.956016
0.891903,0.108766,1.069733,67.422356,7.142754,0.455527,0,0.463654,0,273.259653,10.507384,42.506526,0,1.772892
0.778151,0.849076,0.987912,35.982297,3.10591,0.218679,0,0.404821,0,65.300737,6.328873,25.189837,0,1.247155
1.267614,0.219696,1.293431,91.425395,4.465563,0.259098,0,0.250198,0,166.830537,5.372389,71.905981,0,1.182941
0.749799,0.815109,0.670839,37.172855,2.221862,0.450229,0,0.496966,0,301.771732,21.409061,28.932945,0,1.574957
1.161595,0.788427,0.773715,72.465028,6.314678,0.282785,0,0.315206,0,186.830611,5.293677,30.296319,0,1.276261
0.30103,1,0.801003,24.296277,1.158374,0.477121,0,0.677025,0,82.571788,11.389154,30.229489,0,1.601048
0.709172,0.864816,0.492797,38.967871,3.671689,0.311465,0,0.727161,0,77.96556,6.26672,22.036788,0,1.055332
0.40497,1,0.755654,11.983773,1.137917,0.464118,0,0.58342,0,79.866558,12.53195,28.367019,0,1.691813
0.676555,0.260539,0.691791,54.33723,3.821868,0.30421,0,0.735785,0,79.105764,5.971399,21.108705,0,0.746176
1.184601,0.934827,0.830322,25.780463,7.518482,0.395537,0,0.479234,0,166.289541,6.138644,37.386407,0,1.554253
0.743509,0.53608,1.19544,80.053041,6.139625,0.45153,0,0.368728,0,187.307427,6.727557,69.055931,0,1.589338
0.778151,0.024961,1.430405,66.985141,4.927201,0.146694,0,0.286883,0,59.467928,5.946176,25.994249,0,1.247155
0.938531,0.227548,1.256922,88.011014,3.995618,0.376073,0,0.250674,0,184.048601,5.582861,22.000982,0,1.293411
1.059679,0.987696,0.903091,61.441023,7.483813,0.244183,0,0.463031,0,204.125902,14.403109,76.230151,0,1.238429
0.391037,0.706144,0.608868,34.696324,6.278682,0.477121,0,0.545301,0,205.588279,11.226458,35.403321,0,1.641852
0.30103,1,0.781278,18.714867,1.078335,0.477121,0,0.669203,0,82.507885,13.607954,30.594152,0,1.66043
0.525639,1,0.333585,32.848166,2.584938,0.476537,0,0.75,0,114.132661,6.068585,14.948434,0,0.164943
0.482989,1,0.30103,14.930028,2.428129,0.362318,0,0.499832,0,50.68323,7.056877,17.469538,0,1.41664
0.489978,1,0.477932,26.184199,2.462073,0.460478,0,0.550871,0,76.082591,10.023192,29.523964,0,1.409132
1.299581,0.997586,0.801414,70.231449,13.018428,0.263535,0,0.290573,0,160.361979,5.431051,101.122154,0,0.930057
0.713301,0.099492,1.079106,58.507966,8.046179,0.477121,0,0.68464,0,295.32483,9.337112,50.425589,0,1.80803
0.778151,0.215837,1.135678,51.266597,3.875243,0.174643,0,0.367419,0,65.068509,6.001797,25.708263,0,1.247155
1.288428,0.867654,1.121869,81.696778,9.171492,0.263281,0,0.258663,0,161.950505,5.420472,74.058005,0,0.965393
0.970576,0.790221,1.031739,62.377436,7.188709,0.433378,0,0.469742,0,347.758497,21.068601,45.593504,0,1.599546
0.638761,0.32198,0.785896,68.1154,5.057241,0.469192,0,0.592671,0,190.479964,7.567121,25.578566,0,1.406789
0.461179,1,0.776396,25.98474,2.517988,0.421063,0,0.57515,0,73.918897,9.904857,23.717099,0,1.205535
0.685097,0.96916,0.342357,35.564061,3.512876,0.381163,0,0.746368,0,86.896199,6.252946,20.689212,0,0.923659
0.49302,1,0.72205,18.116503,2.049553,0.442391,0,0.496509,0,68.271966,11.655755,20.911039,0,1.485227
0.778151,0.240967,0.70774,54.795675,3.835974,0.193079,0,0.403749,0,67.997421,5.972469,25.310056,0,1.247155
1.263188,0.920178,0.969413,72.160066,8.694337,0.251159,0,0.423457,0,164.62675,6.038547,64.911577,0,1.177316
0.605083,0.456769,1.161613,74.457318,6.288517,0.47406,0,0.456717,0,200.914511,7.208833,65.09558,0,1.625791
0.778151,0.120155,1.203889,58.402988,3.914692,0.150827,0,0.369379,0,68.670656,5.961132,25.80877,0,1.247155
1.27843,0.474882,1.190924,77.249011,5.441917,0.256457,0,0.251716,0,162.699328,5.071486,51.86713,0,1.118574
1.203139,0.941242,0.937458,73.697071,7.767812,0.255246,0,0.405731,0,182.469566,6.743184,86.711724,0,1.057419
0.567085,0.609831,0.756709,42.982125,6.31822,0.471745,0,0.515804,0,192.003951,8.292057,32.327777,0,1.408451
0.327359,1,0.775083,11.648299,1.166512,0.476696,0,0.640987,0,81.440912,15.536763,26.064602,0,1.68296
0.657272,1,0.31806,31.311511,2.763161,0.46124,0,0.747727,0,107.881255,6.191596,19.803879,0,0.554675
0.542503,1,0.417847,19.601123,2.582912,0.431224,0,0.488778,0,68.116916,9.112454,20.525904,0,1.412455
0.633045,1,0.306491,21.652,2.754207,0.345253,0,0.463415,0,71.245525,6.834362,23.328651,0,1.370199
1.282952,0.952239,0.968037,74.879489,10.032982,0.262415,0,0.276197,0,162.411224,5.23849,55.536379,0,1.164179
0.771136,0.258632,0.872687,45.085245,6.729112,0.471088,0,0.501089,0,260.813018,10.191312,41.350065,0,1.705912
0.778151,0.629554,1.164194,38.414052,3.447118,0.190473,0,0.366456,0,65.270059,6.304737,25.630736,0,1.247155
1.164695,0.370149,1.23735,88.187752,4.569275,0.276824,0,0.275123,0,166.835923,6.38517,69.962893,0,1.200899
0.762748,0.889967,0.742813,37.826515,4.170071,0.344315,0,0.48886,0,306.260051,16.4104,72.244612,0,1.416278
0.944291,0.77742,0.722226,72.084587,5.405261,0.283659,0,0.320621,0,187.800974,8.119538,23.51174,0,1.302669
0.30103,1,0.786005,17.847764,1.116689,0.477121,0,0.667096,0,82.509278,15.327023,30.887341,0,1.682717
0.678587,0.956626,0.562719,29.492984,3.380906,0.402822,0,0.696104,0,85.545966,9.963307,20.606597,0,0.952989
0.312403,1,0.766966,11.985902,1.084342,0.464226,0,0.60887,0,81.023616,12.61962,30.597103,0,1.693739
0.715064,0.466755,0.743743,49.832917,3.326345,0.274328,0,0.501435,0,66.145722,6.099388,21.60948,0,0.935915
0.985183,0.491463,0.776684,43.735235,7.358926,0.42405,0,0.436935,0,172.473942,8.683773,24.67151,0,1.534331
0.921803,0.543377,1.225649,81.950819,5.870587,0.449847,0,0.352712,0,165.993785,5.901578,72.708118,0,1.402887
0.658988,1,0.307411,19.341133,2.28926,0.339248,0,0.514849,0,36.038379,5.474189,10.84066,0,0.17921
1.174459,0,1.217232,107.948767,4.118101,0.23394,0,0.340148,0,160.236393,6.905318,39.305675,0,1.103124
1.142856,0,1.255737,118.924834,4.458779,0.375121,0,0.283438,0,178.322633,11.45497,68.451441,0,1.463633
1.082171,3.931042,1.255273,135.815792,3,0.268648,0,0.24714,0,131.238747,6.522539,25.01223,0,1.133507
0.381041,1,0.709804,21.460894,2.494619,0.475388,0,0.486518,0,84.494285,7.704844,14.740534,0,0.755662
0.649701,1,0.31284,20,3,0.198649,0,0.500292,0,32.748721,5.176071,10.707044,0,0.673661
0.60206,1,0.752988,23.056322,3,0.322785,0,0.340349,0,107.652755,8.564478,17.517984,0,1.602932
0.902901,0,1.371013,96.701196,6.955346,0.189811,0,0.331988,0,68.015578,6.682837,24.718134,0,1.333433
0.420064,1.831496,1.193167,53.135926,2,0.204102,0,0.505446,0,99.628359,5.79792,11.836083,0,1.129241
0.407976,1,0.706337,15.608068,2.369134,0.337492,0,0.580969,0,33.026522,5.035449,10,0,0
1.212534,3.72651,1.146128,102.440352,3.098427,0.25964,0,0.199558,0,153.136175,6.650778,49.061122,0,1.258049
1.413996,0,1.255273,148.408915,6.074861,0.27118,0,0.166617,0,158.010169,7.033467,23.445151,0,1.242411
0.560014,1,0.232303,13.323406,3,0.332747,0,0.483108,0,36.673649,7.24521,11,0,1.639092
0.756278,0,1.048809,33.932721,3.779176,0.412368,0,0.548248,0,73.431599,5.469015,12.20075,0,0.920296
0.69897,0.862119,1.045135,39.20543,2.320193,0.171661,0,0.533342,0,73.685627,5.16929,13,0,1.322219
0.605549,1,0.69897,45.785245,6.049449,0.208565,0,0.734831,0,237.247694,6.05536,20.327772,0,1.294484
0.30103,1,0.500623,12.115761,2,0.477121,0,0.616644,0,36.054355,5.5,10,0,0
0.694978,0.870322,0.786075,26.508325,2.947679,0.238722,0,0.437713,0,84.488569,9.696664,14.23586,0,1.39199
0.512952,0.226457,1.050135,63.415599,3.190509,0.160288,0,0.429088,0,124.486446,9.910524,30,0,1.290175
0.736337,0.64057,0.995899,62.801783,4.306914,0.203726,0,0.397139,0,96.247395,5.663316,27.997998,0,1.31388
0.577959,0,1.214927,63.11124,2,0.176091,0,0.502371,0,99.212912,8.929454,26,0,1.477566
0.60206,0,1.189534,66.883546,2,0.176091,0,0.5,0,94.257118,7.169529,22.804327,0,1.414973
0.538933,0,1.168915,55.097073,2,0.176091,0,0.533682,0,94.430168,9.380467,26.792824,0,1.47798
0.477121,1.477499,0.695111,71.115591,2.889826,0.177943,0,0.608685,0,129.695299,8.750194,19.746871,0,1.535716
0.604503,0.03418,1.119683,57.74914,2.13071,0.176047,0,0.582691,0,98.577375,6.42179,28.193589,0,1.50228
0.90309,6,1.268241,122.240527,3,0.23607,0,0.3,0,126.028675,6.021094,25.032671,0,1.130334
1.067681,3.540237,1.255273,125.820331,3,0.275021,0,0.250102,0,131.61692,6.529254,34.364351,0,1.157785
0.477121,1,0,5,3,0.39794,0,0.3333,0,38.086845,7.419582,11.67315,0,1.631823
0.444276,5.343646,1.017276,40.366283,2.271387,0.243038,0.822346,0.569772,0.747528,130.271419,5.173078,12.737145,0,1.31707
0.804893,0,0.939194,32.698395,3.921201,0.203132,0,0.413927,0,86.72414,5.291166,10.489226,0,0.643748
0.30103,1,0,13.512775,2,0.477121,0,0.5,0,54.593921,5.374044,9.205844,0,0.057623
0.429302,1,0.344565,21.992859,2.433665,0.454839,0,0.49611,0,62.499752,5,16.499508,0,0.060358
1.190752,5.404872,1.187228,111.366242,2.337169,0.263204,0,0.234762,0,117.948635,5.551928,25.600991,0,1.26033
0.422037,4.900747,0.444811,18.301693,1.775281,0.475612,0,0.947645,0,110.390703,7.204478,15.179828,0.177969,1.103639
0.800684,0.679147,1.117946,61.951144,5.683996,0.169231,0,0.656648,0,110.172116,8.763413,26.584851,0,1.453722
0.804328,3.716597,0.784881,39.94161,6.332169,0.213012,0.480275,0.568975,0.315165,189.22726,5.117878,14.411411,0,0.012376
0.30103,4.272885,0.771624,25.557192,2,0.127862,0,0.569441,0.009506,83.159056,5.01264,9.846981,0,0
0.845098,0.350387,1.452463,94.447771,6.692112,0.37195,0,0.520582,0,162.092872,11.543094,62.846394,0,1.362331
0.180271,4.005857,0.421828,22.487428,1.044947,0.286581,0.59486,0.822032,0.166133,155.62003,5.049706,8.652963,0.652036,0
0.099149,1.058935,0.858051,31.280769,1.833682,0.47484,0,0.94591,0,163.216074,12.000131,16.372827,0.937159,1.912553
0.03161,1.827573,0.361894,19.435247,1.950982,0.305084,0,0.79629,0,146.591799,7.065768,12.35775,0.093106,0.075334
0.30103,1.786233,0.69897,17.541233,2,0.251841,0,0.594014,0,86.679147,5.04373,9.667299,0,0
0.761992,1,0.672747,31.718769,5.897641,0.232188,0,0.523208,0,62.987662,5.087746,19.889071,0,1.356993
0.50729,1.242426,0.845098,32.591919,5.349511,0.428134,0,0.610585,0.194542,81.351979,5.044056,9.005233,0,0
0.477121,1.843709,0.853264,55.082603,2.760335,0.205123,0,0.608693,0,128.668707,5.625423,28.808112,0,1.535716
1.248495,1,1.083708,68.411328,2.71074,0.235578,0,0.320224,0,68.983545,5.017207,17,0,1.257329
0.370106,1,0.945882,25.570565,1.860237,0.392452,0,0.444679,0,56.856112,5.285506,9.481728,0,0
0.519557,1,0.602289,19.367053,1.48626,0.477121,0,0.449252,0,73.393956,5.79673,10.401281,0,0.867024
1.506597,1,1.600254,238.517803,26.639424,0.280165,0,0.12603,0,162.185051,6.422725,166.920504,0,0.776553
0.080011,4.533319,0.572762,14.546089,1,0.477121,0,0.878761,0,64.791748,5.259393,7.63363,0.447302,0
1.391343,1,1.620007,244.447042,7.764756,0.284466,0,0.119115,0,128.676938,6.245594,111.85055,0,0.889719
0.57862,0.596579,0.714846,34.471839,0.691369,0.350933,0,0.487837,0,103.644989,6.769966,19.812945,0,1.381449
0.420243,1,0.778151,24.81641,3.415813,0.448002,0,0.606601,0,62.119873,6.580704,12.604878,0,0.76734
0.30103,1,0.909926,15,1.596687,0.477121,0,0.592153,0,56.008559,6.9961,12.127062,0,1.45835
1.594394,0.315423,1.275508,114.057643,14.537015,0.210758,0.177243,0.195244,0,118.593491,8.561477,40.668616,0,1.411281
0.569933,0.254698,1,36,2.244095,0.293588,0,0.375696,0,94.671375,6.792628,16.58464,0,1.416138
1.633468,1,1.10773,94.798329,21.693854,0.275262,0.763755,0.193853,0,115.16705,6.066022,26.63593,0,1.395936
1.03365,1,0.642263,40.908082,3.93159,0.256198,0,0.310705,0,98.889618,8.296121,46.700759,0,1.184286
0.567546,1.223009,0.145865,15.527106,2.110412,0.463636,0,0.446859,0,79.04722,5.958687,15.065667,0,1.499013
0.666441,4.448477,0.703054,41.907466,4.320193,0.223586,0,0.499883,0,58.934644,6.198837,32.373072,0,1.401898
0.415664,1.771864,0.117147,15,2.19011,0.438713,0,0.508851,0,65.838671,6.306239,13.630248,0,1.653682
0.610856,0.000769,1.182496,51.198447,5.005157,0.225319,0,0.577258,0,214.655216,18.309852,27.659728,0,1.572707
1.331579,0.870322,0.846467,61.338883,3.837133,0.202366,0,0.282106,0,74.67298,8.379323,29.794023,0,1.210614
1.633468,1,0.947926,90.99127,11.047732,0.274932,0.47374,0.171521,0,139.347803,8.953245,76.324685,0,1.484482
1.276082,3.562282,0.930565,78.928685,2.922765,0.251144,0,0.390865,0,132.422388,6.312576,13.590826,0,1.29121
1.657081,1,0.72158,66.666281,7,0.224132,0,0.318928,0,140.479405,10.81788,109.59131,0,1.285897
0.866565,0.082084,1.203671,73.340091,2,0.226762,0,0.3333,0,174.745422,8.66262,30.391345,0,1.527288
0.44996,1,0.419315,9.169878,2,0.336009,0,0.533682,0,131.28985,8.880467,17.195216,0,1.567658
0.329387,1.24625,0.115227,19.754331,2.889826,0.474931,0,0.618344,0,76.543145,5.44011,12.412501,0,0.97033
0.196823,1.13672,0.67483,14.656357,1.973858,0.477121,0,0.773612,0,63.611822,5.434533,12.225643,0.657634,1.545108
0.579448,1,0.736285,33.518947,2,0.250831,0,0.5186,0,137.058856,5.941276,13.869318,0,1.048417
1.351183,1,1.146128,115.607982,18.711053,0.277955,0.70825,0.20325,0,117.078434,7.912444,46.87855,0,1.354136
0.556043,1,1.189573,60.221544,2.491337,0.172797,0,0.41542,0,73.644591,5.041181,14.980551,0,0.406778
1.471896,1,0.738028,97.959053,4.185839,0.224194,0,0.250029,0,132.763285,8.52081,33.459997,0,1.322701
1.532098,1,0.914925,77.609406,12.763603,0.234049,0,0.258226,0,140.504587,10.594116,159.258567,0,1.014209
1.20412,1,0.733649,33,0,0.298484,0,0.3083,0,102.479242,6.249522,19.617531,0,1.295567
1.633468,1,1.107814,93.854083,23.44243,0.281689,0.573535,0.168166,0,123.019336,6.450252,32.36453,0,1.480473
0.718827,1,0.824351,53.146497,2,0.267739,0,0.26722,0,102.438752,8.289051,38.014868,0,1.247281
0.844486,2.950374,1.171538,59.905078,4.837079,0.253916,0,0.323241,0.105803,61.388285,5.072834,16.817983,0,1.300887
0.814485,1,0.968483,62.902288,3,0.232595,0,0.295857,0,78.394641,7.917987,27.245447,0,1.375819
0.840081,3.716597,1.211113,71.865317,2.267132,0.214644,0,0.436201,0,134.868954,5.942042,17.684684,0,1.535038
1.164838,1,0.6906,28.655822,2.446163,0.257469,0,0.309133,0,98.224278,7.951022,23.28454,0,1.197883
0.367775,0,0.908085,63.754599,2,0.37195,0,0.763996,0,284.718488,12.094819,19.52172,0,1.642483
1.564709,1,1.126524,99.512572,19.224737,0.279728,0.59486,0.177758,0,134.956117,8.740236,66.475178,0,0.957629
1.150523,1,0.920101,33.815769,3.334729,0.297701,0,0.305028,0,94.759464,5.391462,16.559241,0,1.291647
1.634517,1,1.146128,92.304215,24,0.283071,1,0.155531,0,122.264067,8.811149,46,0,1.494181
1.118039,0.213767,1.071641,65,7.215471,0.147699,0,0.288875,0,61.91447,5.082958,21.325115,0,1.235994
0.927297,1,0.666087,33.608236,5.585299,0.24864,0,0.397866,0,1132.851839,9.696586,22.285247,0,1.64519
0.740032,1,0.87848,54.777779,3.674756,0.219808,0,0.444587,0,175.768427,8.387013,31.87965,0,1.24617
0.550206,1,0.432765,9.649562,1.760335,0.477121,0,0.489208,0,98.889851,9.308316,18,0,1.646732
0.911569,1,1.237341,64.293823,5.852164,0.223137,0,0.33727,0,201.946475,10.180616,33.737756,0,1.587153
0.91847,0.315608,1.003977,51.707041,5.970445,0.261266,0,0.436532,0,196.260621,8.182531,20.77263,0,1.56148
1.02786,1,0.876064,49.42685,6.514293,0.247048,0,0.314862,0,95.76975,5.523347,17.794019,0,1.237308
0.525596,4.792561,0.850227,66.665566,2.955997,0.242793,0,0.605331,0,142.894606,5.493478,10.630196,0,1.280686